{
	"tasks": [
		{
			"id": "task_169100",
			"reference": {
				"name": "subWorkflowEnd",
				"package": {
					"name": "@criticalmanufacturing/connect-iot-controller-engine-core-tasks",
					"version": "8.3.3-202201212"
				}
			},
			"settings": {
				"inputs": [
					{
						"name": "MaterialData",
						"valueType": {
							"friendlyName": "MaterialData",
							"type": 10,
							"collectionType": 0,
							"referenceType": null,
							"referenceTypeName": null,
							"referenceTypeId": null
						}
					}
				]
			}
		},
		{
			"id": "task_169102",
			"reference": {
				"name": "subWorkflowStart",
				"package": {
					"name": "@criticalmanufacturing/connect-iot-controller-engine-core-tasks",
					"version": "8.3.3-202201212"
				}
			},
			"settings": {
				"outputs": [
					{
						"name": "MaterialData",
						"valueType": {
							"type": 10,
							"collectionType": 0,
							"referenceType": null,
							"referenceTypeName": null,
							"referenceTypeId": null,
							"friendlyName": ""
						},
						"defaultValue": null
					}
				],
				"___cmf___name": "Start"
			}
		},
		{
			"id": "task_169104",
			"reference": {
				"name": "workflow",
				"package": {
					"name": "@criticalmanufacturing/connect-iot-controller-engine-core-tasks",
					"version": "8.3.3-202201212"
				}
			},
			"settings": {
				"automationWorkflow": {
					"DisplayName": "ErrorHandling",
					"IsShared": true,
					"Name": "ErrorHandling"
				},
				"executeWhenAllInputsDefined": false,
				"contextsExpirationInMilliseconds": 60000,
				"executionExpirationInMilliseconds": 1200000,
				"inputs": [
					{
						"name": "Error",
						"valueType": {
							"type": 10,
							"collectionType": 0,
							"referenceType": null,
							"referenceTypeName": null,
							"referenceTypeId": null,
							"friendlyName": ""
						}
					},
					{
						"name": "ErrorCode",
						"valueType": {
							"type": 4,
							"collectionType": 0,
							"referenceType": null,
							"referenceTypeName": null,
							"referenceTypeId": null,
							"friendlyName": ""
						}
					},
					{
						"name": "ErrorText",
						"valueType": {
							"type": 4,
							"collectionType": 0,
							"referenceType": null,
							"referenceTypeName": null,
							"referenceTypeId": null,
							"friendlyName": ""
						}
					},
					{
						"name": "ResourceName",
						"valueType": {
							"type": 4,
							"collectionType": 0,
							"referenceType": null,
							"referenceTypeName": null,
							"referenceTypeId": null,
							"friendlyName": ""
						}
					},
					{
						"name": "MaterialData",
						"valueType": {
							"friendlyName": "MaterialData",
							"type": 10,
							"collectionType": 0,
							"referenceType": null,
							"referenceTypeName": null,
							"referenceTypeId": null
						}
					},
					{
						"name": "ContainerData",
						"valueType": {
							"friendlyName": "ContainerData",
							"type": 10,
							"collectionType": 0,
							"referenceType": null,
							"referenceTypeName": null,
							"referenceTypeId": null
						}
					}
				],
				"outputs": [
					{
						"name": "Error",
						"valueType": {
							"friendlyName": "Error",
							"type": 10,
							"collectionType": 0,
							"referenceType": null,
							"referenceTypeName": null,
							"referenceTypeId": null
						}
					}
				],
				"___cmf___name": "Workflow",
				"___cmf___color": "#ff0000"
			}
		},
		{
			"id": "task_169525",
			"reference": {
				"name": "customCreateControlJob",
				"package": {
					"name": "@criticalmanufacturing/connect-iot-custom-utilities-amsosram-tasks",
					"version": "1.0.0"
				}
			},
			"settings": {
				"objectSpec": "Equipment",
				"___cmf___name": "Custom Create Control Job",
				"useCarrierAtLoadPortAsContainer": false
			},
			"driver": "SecsGemEquipment"
		}
	],
	"converters": [
		{
			"id": "@criticalmanufacturing/connect-iot-controller-engine-core-tasks#anyToConstant",
			"reference": {
				"name": "anyToConstant",
				"package": {
					"name": "@criticalmanufacturing/connect-iot-controller-engine-core-tasks",
					"version": "8.3.3-202201212"
				}
			}
		},
		{
			"id": "@criticalmanufacturing/connect-iot-custom-utilities-amsosram-tasks#anyToErrorCodeConstant",
			"reference": {
				"name": "anyToErrorCodeConstant",
				"package": {
					"name": "@criticalmanufacturing/connect-iot-custom-utilities-amsosram-tasks",
					"version": "1.0.0"
				}
			}
		}
	],
	"links": [
		{
			"id": "task_169104_ErrorOut-task_169100_error",
			"sourceId": "task_169104",
			"targetId": "task_169100",
			"inputName": "error",
			"outputName": "ErrorOut",
			"converters": []
		},
		{
			"id": "15638f57-dcb0-494f-8789-ec9b971c8075",
			"sourceId": "task_169102",
			"targetId": "task_169525",
			"inputName": "MaterialData",
			"outputName": "MaterialDataOut"
		},
		{
			"id": "4dffe93a-6b32-4a40-b372-0646fb895d12",
			"sourceId": "task_169102",
			"targetId": "task_169525",
			"inputName": "activate",
			"outputName": "MaterialDataOut"
		},
		{
			"id": "54567084-c949-446c-bfa1-8b0bf3924200",
			"sourceId": "task_169525",
			"targetId": "task_169100",
			"inputName": "success",
			"outputName": "success"
		},
		{
			"id": "4a9d528c-3816-4527-9b6b-ab127749c8f7",
			"sourceId": "task_169525",
			"targetId": "task_169104",
			"inputName": "activate",
			"outputName": "error"
		},
		{
			"id": "ced451b7-17bd-4cae-9a4f-8992c6e3e062",
			"sourceId": "task_169525",
			"targetId": "task_169104",
			"inputName": "ErrorIn",
			"outputName": "error"
		},
		{
			"id": "4334e1a1-dd01-4e5f-8633-a816a7a390ee",
			"sourceId": "task_169102",
			"targetId": "task_169104",
			"inputName": "MaterialDataIn",
			"outputName": "MaterialDataOut"
		},
		{
			"id": "b51e37b2-47f1-4865-900f-1e69888a246a",
			"sourceId": "task_169525",
			"targetId": "task_169100",
			"inputName": "MaterialData",
			"outputName": "Material"
		},
		{
			"id": "a3a4c721-6bd3-46b4-ba8b-e5672180c01a",
			"sourceId": "task_169102",
			"targetId": "task_169525",
			"inputName": "StartMethod",
			"outputName": "MaterialDataOut",
			"converters": [
				{
					"id": "@criticalmanufacturing/connect-iot-controller-engine-core-tasks#anyToConstant",
					"params": {
						"type": 3,
						"value": "true"
					}
				}
			]
		},
		{
			"id": "d1435d64-d6b6-45d2-9bbc-76ffe71ed445",
			"sourceId": "task_169525",
			"targetId": "task_169104",
			"inputName": "ErrorCodeIn",
			"outputName": "error",
			"converters": [
				{
					"id": "@criticalmanufacturing/connect-iot-custom-utilities-amsosram-tasks#anyToErrorCodeConstant",
					"params": {
						"ErrorCode": "StartCommandFailed",
						"SystemOfOrigin": "EI",
						"ErrorNumber": 0
					}
				}
			]
		}
	],
	"layout": {
		"general": {
			"color": "#ffff80",
			"notes": []
		},
		"drawers": {
			"DIAGRAM": {
				"tasks": {
					"task_169100": {
						"collapsed": false,
						"position": {
							"x": 3410,
							"y": 798
						},
						"outdated": false
					},
					"task_169102": {
						"collapsed": false,
						"position": {
							"x": 953,
							"y": 775
						},
						"outdated": false
					},
					"task_169104": {
						"collapsed": false,
						"position": {
							"x": 2747,
							"y": 1349
						},
						"outdated": false
					},
					"task_169525": {
						"collapsed": false,
						"position": {
							"x": 2180,
							"y": 879
						},
						"outdated": false
					}
				},
				"links": {
					"task_169104_ErrorOut-task_169100_error": {
						"vertices": []
					},
					"15638f57-dcb0-494f-8789-ec9b971c8075": {
						"vertices": []
					},
					"4dffe93a-6b32-4a40-b372-0646fb895d12": {
						"vertices": []
					},
					"54567084-c949-446c-bfa1-8b0bf3924200": {
						"vertices": []
					},
					"4a9d528c-3816-4527-9b6b-ab127749c8f7": {
						"vertices": []
					},
					"ced451b7-17bd-4cae-9a4f-8992c6e3e062": {
						"vertices": []
					},
					"4334e1a1-dd01-4e5f-8633-a816a7a390ee": {
						"vertices": []
					},
					"b51e37b2-47f1-4865-900f-1e69888a246a": {
						"vertices": []
					},
					"a3a4c721-6bd3-46b4-ba8b-e5672180c01a": {
						"vertices": []
					},
					"d1435d64-d6b6-45d2-9bbc-76ffe71ed445": {
						"vertices": []
					}
				},
				"notes": {},
				"zoom": 0.5899999999999997,
				"pan": {
					"x": 592,
					"y": 335
				}
			}
		}
	}
}