{
	"tasks": [
		{
			"id": "task_168546",
			"reference": {
				"name": "systemActionGroupEvent",
				"package": {
					"name": "@criticalmanufacturing/connect-iot-controller-engine-core-tasks",
					"version": "8.3.3-202201212"
				}
			},
			"settings": {
				"replyTimeout": 60000,
				"___cmf___name": "On System Event",
				"actionGroup": "Hold",
				"___cmf___color": "#0080ff"
			}
		},
		{
			"id": "task_168548",
			"reference": {
				"name": "deleteMaterialOnPersistence",
				"package": {
					"name": "@criticalmanufacturing/connect-iot-custom-utilities-amsosram-tasks",
					"version": "1.0.0"
				}
			},
			"settings": {
				"___cmf___name": "Delete Material On Persistence",
				"___cmf___color": "#c0c0c0"
			}
		},
		{
			"id": "task_28297",
			"reference": {
				"name": "workflow",
				"package": {
					"name": "@criticalmanufacturing/connect-iot-controller-engine-core-tasks",
					"version": "8.3.3-202201212"
				}
			},
			"settings": {
				"automationWorkflow": {
					"DisplayName": "HoldActionCalculation",
					"IsShared": true,
					"Name": "HoldActionCalculation"
				},
				"executeWhenAllInputsDefined": false,
				"contextsExpirationInMilliseconds": 60000,
				"executionExpirationInMilliseconds": 1200000,
				"inputs": [
					{
						"name": "MaterialData",
						"valueType": {
							"friendlyName": "MaterialData",
							"type": 10,
							"collectionType": 0,
							"referenceType": null,
							"referenceTypeName": null,
							"referenceTypeId": null
						}
					}
				],
				"outputs": [
					{
						"name": "MaterialData",
						"valueType": {
							"type": 10,
							"collectionType": 0,
							"referenceType": null,
							"referenceTypeName": null,
							"referenceTypeId": null,
							"friendlyName": ""
						}
					},
					{
						"name": "DoNothing",
						"valueType": {
							"type": 3,
							"collectionType": 0,
							"referenceType": null,
							"referenceTypeName": null,
							"referenceTypeId": null,
							"friendlyName": ""
						}
					},
					{
						"name": "LoadPortNumber",
						"valueType": {
							"friendlyName": "LoadPortNumber",
							"type": 5,
							"collectionType": 0,
							"referenceType": null,
							"referenceTypeName": null,
							"referenceTypeId": null
						}
					},
					{
						"name": "ContainerName",
						"valueType": {
							"friendlyName": "ContainerName",
							"type": 4,
							"collectionType": 0,
							"referenceType": null,
							"referenceTypeName": null,
							"referenceTypeId": null
						}
					},
					{
						"name": "UnclampCarrier",
						"valueType": {
							"type": 3,
							"collectionType": 0,
							"referenceType": null,
							"referenceTypeName": null,
							"referenceTypeId": null,
							"friendlyName": ""
						}
					},
					{
						"name": "UnloadContainer",
						"valueType": {
							"type": 3,
							"collectionType": 0,
							"referenceType": null,
							"referenceTypeName": null,
							"referenceTypeId": null,
							"friendlyName": ""
						}
					}
				],
				"___cmf___name": "Hold Action Calculation"
			}
		},
		{
			"id": "task_28983",
			"reference": {
				"name": "workflow",
				"package": {
					"name": "@criticalmanufacturing/connect-iot-controller-engine-core-tasks",
					"version": "8.3.3-202201212"
				}
			},
			"settings": {
				"automationWorkflow": {
					"DisplayName": "CarrierUnclamped_01_ExecuteCommand",
					"IsShared": false
				},
				"executeWhenAllInputsDefined": false,
				"contextsExpirationInMilliseconds": 60000,
				"executionExpirationInMilliseconds": 1200000,
				"inputs": [
					{
						"name": "LoadPort",
						"valueType": {
							"type": 5,
							"collectionType": 0,
							"referenceType": null,
							"referenceTypeName": null,
							"referenceTypeId": null,
							"friendlyName": ""
						}
					},
					{
						"name": "ContainerId",
						"valueType": {
							"type": 4,
							"collectionType": 0,
							"referenceType": null,
							"referenceTypeName": null,
							"referenceTypeId": null,
							"friendlyName": ""
						}
					}
				],
				"outputs": [
					{
						"name": "LoadPort",
						"valueType": {
							"friendlyName": "LoadPort",
							"type": 5,
							"collectionType": 0,
							"referenceType": null,
							"referenceTypeName": null,
							"referenceTypeId": null
						}
					},
					{
						"name": "ContainerId",
						"valueType": {
							"friendlyName": "ContainerId",
							"type": 4,
							"collectionType": 0,
							"referenceType": null,
							"referenceTypeName": null,
							"referenceTypeId": null
						}
					}
				],
				"___cmf___name": "Execute Carrier Unclamp",
				"___cmf___color": "#ffff80"
			}
		},
		{
			"id": "task_29898",
			"reference": {
				"name": "workflow",
				"package": {
					"name": "@criticalmanufacturing/connect-iot-controller-engine-core-tasks",
					"version": "8.3.3-202201212"
				}
			},
			"settings": {
				"automationWorkflow": {
					"DisplayName": "CassetteUnload_01_ExecuteCommand",
					"IsShared": false
				},
				"executeWhenAllInputsDefined": false,
				"contextsExpirationInMilliseconds": 60000,
				"executionExpirationInMilliseconds": 1200000,
				"inputs": [
					{
						"name": "LoadPort",
						"valueType": {
							"type": 5,
							"collectionType": 0,
							"referenceType": null,
							"referenceTypeName": null,
							"referenceTypeId": null,
							"friendlyName": ""
						}
					},
					{
						"name": "CarrierId",
						"valueType": {
							"type": 4,
							"collectionType": 0,
							"referenceType": null,
							"referenceTypeName": null,
							"referenceTypeId": null,
							"friendlyName": ""
						}
					}
				],
				"outputs": [
					{
						"name": "LoadPort",
						"valueType": {
							"friendlyName": "LoadPort",
							"type": 5,
							"collectionType": 0,
							"referenceType": null,
							"referenceTypeName": null,
							"referenceTypeId": null
						}
					},
					{
						"name": "CarrierId",
						"valueType": {
							"friendlyName": "CarrierId",
							"type": 4,
							"collectionType": 0,
							"referenceType": null,
							"referenceTypeName": null,
							"referenceTypeId": null
						}
					}
				],
				"___cmf___name": "Workflow",
				"___cmf___color": "#ffff80"
			}
		}
	],
	"converters": [
		{
			"id": "@criticalmanufacturing/connect-iot-controller-engine-core-tasks#anyToAny",
			"reference": {
				"name": "anyToAny",
				"package": {
					"name": "@criticalmanufacturing/connect-iot-controller-engine-core-tasks",
					"version": "8.3.3-202201212"
				}
			}
		}
	],
	"links": [
		{
			"id": "task_168548_success-task_168546_reply",
			"sourceId": "task_168548",
			"targetId": "task_168546",
			"inputName": "reply",
			"outputName": "success",
			"converters": [
				{
					"id": "@criticalmanufacturing/connect-iot-controller-engine-core-tasks#anyToAny",
					"params": {}
				}
			]
		},
		{
			"id": "24b82150-1cc4-4eb3-bb3d-911248303283",
			"sourceId": "task_168546",
			"targetId": "task_28297",
			"inputName": "MaterialDataIn",
			"outputName": "data"
		},
		{
			"id": "f1f6befa-3d23-4dcf-a35e-cd24f4d0c9e9",
			"sourceId": "task_28297",
			"targetId": "task_168548",
			"inputName": "materials",
			"outputName": "MaterialDataOut"
		},
		{
			"id": "5a0b5509-b91e-4321-8e08-ed562f7cc14c",
			"sourceId": "task_28297",
			"targetId": "task_168548",
			"inputName": "activate",
			"outputName": "DoNothingOut"
		},
		{
			"id": "6f2cebe2-f2aa-49ba-aabb-be519f744a49",
			"sourceId": "task_168546",
			"targetId": "task_28297",
			"inputName": "activate",
			"outputName": "data"
		},
		{
			"id": "d61917a2-110e-499f-b7f3-fde0a46e718b",
			"sourceId": "task_28983",
			"targetId": "task_168548",
			"inputName": "activate",
			"outputName": "success"
		},
		{
			"id": "28e0cc62-87f7-4b71-9b7e-025cc71aebf2",
			"sourceId": "task_28983",
			"targetId": "task_168546",
			"inputName": "reply",
			"outputName": "error"
		},
		{
			"id": "3f0a5b68-721e-4fa5-84c5-7f25985c12c1",
			"sourceId": "task_28297",
			"targetId": "task_28983",
			"inputName": "LoadPortIn",
			"outputName": "LoadPortNumberOut"
		},
		{
			"id": "95c8379d-eb6e-4596-aa8c-f2e8f4073d93",
			"sourceId": "task_28297",
			"targetId": "task_29898",
			"inputName": "LoadPortIn",
			"outputName": "LoadPortNumberOut"
		},
		{
			"id": "17692442-cee2-4063-beda-6c5df975835b",
			"sourceId": "task_28297",
			"targetId": "task_28983",
			"inputName": "ContainerIdIn",
			"outputName": "ContainerNameOut"
		},
		{
			"id": "8a15b690-1305-48f7-b285-2de9d8ebd682",
			"sourceId": "task_28297",
			"targetId": "task_29898",
			"inputName": "CarrierIdIn",
			"outputName": "ContainerNameOut"
		},
		{
			"id": "3aab149a-fa76-440c-b4f1-a1d48ab9f00d",
			"sourceId": "task_28297",
			"targetId": "task_28983",
			"inputName": "activate",
			"outputName": "UnclampCarrierOut"
		},
		{
			"id": "cb652bcf-e1b5-4fb3-8a53-ecd24ad33316",
			"sourceId": "task_28297",
			"targetId": "task_29898",
			"inputName": "activate",
			"outputName": "UnloadContainerOut"
		},
		{
			"id": "def79a6f-90f6-4bb8-91ea-06f5871444d8",
			"sourceId": "task_29898",
			"targetId": "task_168548",
			"inputName": "activate",
			"outputName": "success"
		},
		{
			"id": "276c3ce8-47ff-43c9-8e2c-b20703205d51",
			"sourceId": "task_29898",
			"targetId": "task_168546",
			"inputName": "reply",
			"outputName": "error"
		}
	],
	"layout": {
		"general": {
			"color": "#00ff80",
			"notes": []
		},
		"drawers": {
			"DIAGRAM": {
				"tasks": {
					"task_168546": {
						"collapsed": false,
						"position": {
							"x": 232,
							"y": 676
						},
						"outdated": false
					},
					"task_168548": {
						"collapsed": false,
						"position": {
							"x": 2252,
							"y": 653
						},
						"outdated": false
					},
					"task_28297": {
						"collapsed": false,
						"position": {
							"x": 925,
							"y": 684
						},
						"outdated": false
					},
					"task_28983": {
						"collapsed": false,
						"position": {
							"x": 1600,
							"y": 847
						},
						"outdated": false
					},
					"task_29898": {
						"collapsed": false,
						"position": {
							"x": 1605,
							"y": 1115
						},
						"outdated": false
					}
				},
				"links": {
					"24b82150-1cc4-4eb3-bb3d-911248303283": {
						"vertices": []
					},
					"f1f6befa-3d23-4dcf-a35e-cd24f4d0c9e9": {
						"vertices": []
					},
					"5a0b5509-b91e-4321-8e08-ed562f7cc14c": {
						"vertices": []
					},
					"6f2cebe2-f2aa-49ba-aabb-be519f744a49": {
						"vertices": []
					},
					"d61917a2-110e-499f-b7f3-fde0a46e718b": {
						"vertices": []
					},
					"28e0cc62-87f7-4b71-9b7e-025cc71aebf2": {
						"vertices": [
							{
								"x": 2532,
								"y": 1499
							},
							{
								"x": 180,
								"y": 1392
							}
						]
					},
					"3f0a5b68-721e-4fa5-84c5-7f25985c12c1": {
						"vertices": []
					},
					"95c8379d-eb6e-4596-aa8c-f2e8f4073d93": {
						"vertices": []
					},
					"17692442-cee2-4063-beda-6c5df975835b": {
						"vertices": []
					},
					"8a15b690-1305-48f7-b285-2de9d8ebd682": {
						"vertices": []
					},
					"3aab149a-fa76-440c-b4f1-a1d48ab9f00d": {
						"vertices": []
					},
					"cb652bcf-e1b5-4fb3-8a53-ecd24ad33316": {
						"vertices": []
					},
					"def79a6f-90f6-4bb8-91ea-06f5871444d8": {
						"vertices": []
					},
					"276c3ce8-47ff-43c9-8e2c-b20703205d51": {
						"vertices": [
							{
								"x": 2302,
								"y": 1467
							},
							{
								"x": 175,
								"y": 1326
							}
						]
					},
					"task_168548_success-task_168546_reply": {
						"vertices": [
							{
								"x": 2448,
								"y": 590
							},
							{
								"x": 219,
								"y": 607
							}
						]
					}
				},
				"notes": {},
				"zoom": 0.5999999999999998,
				"pan": {
					"x": 98.8888931274414,
					"y": 115.55555725097656
				}
			}
		}
	}
}