{
	"tasks": [
		{
			"id": "task_93139",
			"reference": {
				"name": "workflow",
				"package": {
					"name": "@criticalmanufacturing/connect-iot-controller-engine-core-tasks",
					"version": "8.3.3-202201212"
				}
			},
			"settings": {
				"automationWorkflow": {
					"DisplayName": "CarrierArrived",
					"IsShared": true,
					"Name": "CarrierArrived"
				},
				"executeWhenAllInputsDefined": false,
				"contextsExpirationInMilliseconds": 60000,
				"executionExpirationInMilliseconds": 1200000,
				"inputs": [
					{
						"name": "LoadPortNumber",
						"valueType": {
							"friendlyName": "LoadPortNumber",
							"type": 5,
							"collectionType": 0,
							"referenceType": null,
							"referenceTypeName": null,
							"referenceTypeId": null
						}
					},
					{
						"name": "DoNotDeleteExistingContainerForLoadPort",
						"valueType": {
							"type": 3,
							"collectionType": 0,
							"referenceType": null,
							"referenceTypeName": null,
							"referenceTypeId": null,
							"friendlyName": ""
						}
					},
					{
						"name": "StateUpdatedOnMainEquipment",
						"valueType": {
							"type": 3,
							"collectionType": 0,
							"referenceType": null,
							"referenceTypeName": null,
							"referenceTypeId": null,
							"friendlyName": ""
						}
					}
				],
				"outputs": [
					{
						"name": "LoadPortName",
						"valueType": {
							"type": 4,
							"collectionType": 0,
							"referenceType": null,
							"referenceTypeName": null,
							"referenceTypeId": null,
							"friendlyName": ""
						}
					},
					{
						"name": "LoadPortNumber",
						"valueType": {
							"friendlyName": "LoadPortNumber",
							"type": 5,
							"collectionType": 0,
							"referenceType": null,
							"referenceTypeName": null,
							"referenceTypeId": null
						}
					},
					{
						"name": "LoadPort",
						"valueType": {
							"friendlyName": "LoadPort",
							"type": null,
							"collectionType": 0,
							"referenceType": null,
							"referenceTypeName": null,
							"referenceTypeId": null
						}
					},
					{
						"name": "DeletedContainer",
						"valueType": {
							"type": 10,
							"collectionType": 0,
							"referenceType": null,
							"referenceTypeName": null,
							"referenceTypeId": null,
							"friendlyName": ""
						}
					}
				],
				"___cmf___name": "Carrier Arrived Workflow"
			}
		},
		{
			"id": "task_188327",
			"reference": {
				"name": "equipmentEvent",
				"package": {
					"name": "@criticalmanufacturing/connect-iot-controller-engine-core-tasks",
					"version": "8.3.3-202201212"
				}
			},
			"settings": {
				"_workingMode": "AlwaysActive",
				"_acceptAllEvents": false,
				"_outputs": [],
				"___cmf___name": "On Equipment Event",
				"_events": [
					{
						"$type": "Cmf.Foundation.BusinessObjects.AutomationEvent, Cmf.Foundation.BusinessObjects",
						"Name": "LP3/CarrierArrived"
					}
				]
			},
			"driver": "SecsGemEquipment"
		}
	],
	"converters": [
		{
			"id": "@criticalmanufacturing/connect-iot-controller-engine-core-tasks#anyToAny",
			"reference": {
				"name": "anyToAny",
				"package": {
					"name": "@criticalmanufacturing/connect-iot-controller-engine-core-tasks",
					"version": "8.3.3-202201212"
				}
			}
		},
		{
			"id": "@criticalmanufacturing/connect-iot-controller-engine-core-tasks#objectProperty",
			"reference": {
				"name": "objectProperty",
				"package": {
					"name": "@criticalmanufacturing/connect-iot-controller-engine-core-tasks",
					"version": "8.3.3-202201212"
				}
			}
		},
		{
			"id": "@criticalmanufacturing/connect-iot-controller-engine-core-tasks#anyToConstant",
			"reference": {
				"name": "anyToConstant",
				"package": {
					"name": "@criticalmanufacturing/connect-iot-controller-engine-core-tasks",
					"version": "8.3.3-202201212"
				}
			}
		}
	],
	"links": [
		{
			"id": "4ec6e0f3-83c4-4c0c-af45-3cbfc0e2afa4",
			"sourceId": "task_188327",
			"targetId": "task_93139",
			"inputName": "LoadPortNumberIn",
			"outputName": "event",
			"converters": [
				{
					"id": "@criticalmanufacturing/connect-iot-controller-engine-core-tasks#anyToConstant",
					"params": {
						"type": 5,
						"value": "3"
					}
				}
			]
		},
		{
			"id": "b1cf0e5b-1096-4c3f-b7f6-f809888862eb",
			"sourceId": "task_188327",
			"targetId": "task_93139",
			"inputName": "activate",
			"outputName": "event"
		}
	],
	"layout": {
		"general": {
			"color": "#80ffff",
			"notes": [
				{
					"id": "note_188651",
					"name": "TosMaterialReceived",
					"value": "<p><strong>What it does:</strong></p><p>Sets corresponding Load Port to Occupied</p><p><strong>How to use it:</strong></p><ol><li>Open the Event task and select the Event corresponding to TosMaterialReceived for the Tool;</li><li>Connect the value corresponding to the Load Port Id to the Load Port Id of the Workflow task;<ol><li>If the Equipment does not deliver that information and has only 1 port:<ol><li>Connect any event output to Load Port Id;</li><li>Use the Converter \"Any to Constant\" to send a value of Type Integer and Value 1;</li></ol></li><li>If the Equipment does not deliver that information and has multiple Load Port with multiple Event:<ol><li>Connect any event output to Load Port Id;</li><li>Use the Converter \"Any to Constant\" to send a value of Type Integer and Value corresponding to the Load Port;</li></ol></li></ol></li><li>Pass any event Output to the Activate Input of the Workflow;</li></ol><ol><p></p></ol><p>&nbsp;</p>",
					"color": "#ffffa5"
				}
			]
		},
		"drawers": {
			"DIAGRAM": {
				"tasks": {
					"task_93139": {
						"collapsed": false,
						"position": {
							"x": 1132,
							"y": 423
						},
						"outdated": false
					},
					"task_188327": {
						"collapsed": false,
						"position": {
							"x": 483,
							"y": 474
						},
						"outdated": false
					}
				},
				"links": {
					"b1cf0e5b-1096-4c3f-b7f6-f809888862eb": {
						"vertices": []
					},
					"4ec6e0f3-83c4-4c0c-af45-3cbfc0e2afa4": {
						"vertices": []
					}
				},
				"notes": {
					"note_188651": {
						"collapsed": false,
						"position": {
							"x": 2196,
							"y": 220
						}
					}
				},
				"pan": {
					"x": 246.6666717529297,
					"y": 103.33333587646484
				},
				"zoom": 0.9500000000000004
			}
		}
	}
}