{
	"tasks": [
		{
			"id": "task_150088",
			"reference": {
				"name": "workflow",
				"package": {
					"name": "@criticalmanufacturing/connect-iot-controller-engine-core-tasks",
					"version": "8.3.3-202201212"
				}
			},
			"settings": {
				"automationWorkflow": {
					"DisplayName": "UpdateEquipmentProcessState",
					"IsShared": true,
					"Name": "UpdateEquipmentProcessState"
				},
				"executeWhenAllInputsDefined": false,
				"contextsExpirationInMilliseconds": 60000,
				"executionExpirationInMilliseconds": 1200000,
				"inputs": [
					{
						"name": "StateName",
						"valueType": {
							"friendlyName": "StateName",
							"type": 4,
							"collectionType": 0,
							"referenceType": null,
							"referenceTypeName": null,
							"referenceTypeId": null
						}
					},
					{
						"name": "StateModelName",
						"valueType": {
							"friendlyName": "StateModelName",
							"type": 4,
							"collectionType": 0,
							"referenceType": null,
							"referenceTypeName": null,
							"referenceTypeId": null
						}
					}
				],
				"outputs": [],
				"___cmf___name": "Update Equipment Process State Workflow"
			}
		},
		{
			"id": "task_123026",
			"reference": {
				"name": "equipmentEvent",
				"package": {
					"name": "@criticalmanufacturing/connect-iot-controller-engine-core-tasks",
					"version": "8.3.3-202201212"
				}
			},
			"settings": {
				"_workingMode": "AlwaysActive",
				"_acceptAllEvents": false,
				"_outputs": []
			},
			"driver": "SecsGemEquipment"
		}
	],
	"converters": [
		{
			"id": "@criticalmanufacturing/connect-iot-controller-engine-core-tasks#anyToAny",
			"reference": {
				"name": "anyToAny",
				"package": {
					"name": "@criticalmanufacturing/connect-iot-controller-engine-core-tasks",
					"version": "8.3.3-202201212"
				}
			}
		},
		{
			"id": "@criticalmanufacturing/connect-iot-controller-engine-core-tasks#objectProperty",
			"reference": {
				"name": "objectProperty",
				"package": {
					"name": "@criticalmanufacturing/connect-iot-controller-engine-core-tasks",
					"version": "8.3.3-202201212"
				}
			}
		},
		{
			"id": "@criticalmanufacturing/connect-iot-controller-engine-core-tasks#anyToConstant",
			"reference": {
				"name": "anyToConstant",
				"package": {
					"name": "@criticalmanufacturing/connect-iot-controller-engine-core-tasks",
					"version": "8.3.3-202201212"
				}
			}
		}
	],
	"links": [],
	"layout": {
		"general": {
			"color": "#0080ff",
			"notes": [
				{
					"id": "note_123288",
					"name": "Process State Updated",
					"value": "<p><strong>What it does:</strong></p><p>Process State Updates the Current State (Custom State for the Equipment) of the Resource it is connected to.</p><p>This will, by MES logic, update Resource Main State with a valid E10 Modified Model (AMSOSRAM Custom version of SEMI E10) State.</p><p><strong>Note:</strong></p><p>Custom State for equipment has to be created on MES in order for this feature to work, and must contain the mapping between Custom Model State Model States and SEMI E10 State Model States on each state attributes in order for it to work (basic example available on Template Master Data).</p><p><strong>How to use it:</strong></p><ol><li>Open the Event task and select the Event corresponding to the Process State update for the Tool;</li><li>If State Model values received do not match the names you used on the Custom State Model convert them to match.<ol><li>Normally this will be received as a numerical value corresponding to an Enumeration, you can quickly convert these values to the intended ones by using a Switch;</li></ol></li><li>Connect the converted value to State Name input of the Workflow;</li><li>Use any event Output to connect to the value State Model Name input of the Workflow and set a Converter Any to Constant of type String to pass the Custom State Model Name;</li><li>Use any event Output to connect to the Workflow Activate input;</li></ol><ol><p>&nbsp;</p></ol><p>&nbsp;</p>",
					"color": "#ffffa5"
				}
			]
		},
		"drawers": {
			"DIAGRAM": {
				"tasks": {
					"task_150088": {
						"collapsed": false,
						"position": {
							"x": 1153,
							"y": 293
						},
						"outdated": false
					},
					"task_123026": {
						"collapsed": false,
						"position": {
							"x": 384,
							"y": 268
						},
						"outdated": false
					}
				},
				"links": {},
				"notes": {
					"note_123288": {
						"collapsed": false,
						"position": {
							"x": 1644,
							"y": 154
						}
					}
				},
				"zoom": 0.6399999999999999,
				"pan": {
					"x": 164.2063687456283,
					"y": 25.857167571168816
				}
			}
		}
	}
}