{
	"tasks": [
		{
			"id": "task_38972",
			"reference": {
				"name": "equipmentEvent",
				"package": {
					"name": "@criticalmanufacturing/connect-iot-controller-engine-core-tasks",
					"version": "8.3.3-202201212"
				}
			},
			"settings": {
				"_workingMode": "AlwaysActive",
				"_acceptAllEvents": false,
				"_outputs": []
			},
			"driver": "SecsGemEquipment"
		},
		{
			"id": "task_39071",
			"reference": {
				"name": "workflow",
				"package": {
					"name": "@criticalmanufacturing/connect-iot-controller-engine-core-tasks",
					"version": "8.3.3-202201212"
				}
			},
			"settings": {
				"automationWorkflow": {
					"DisplayName": "UpdateEquipmentPerformanceTrackingState",
					"IsShared": true,
					"Name": "UpdateEquipmentPerformanceTrackingState"
				},
				"executeWhenAllInputsDefined": false,
				"contextsExpirationInMilliseconds": 60000,
				"executionExpirationInMilliseconds": 1200000,
				"inputs": [
					{
						"name": "EPTState",
						"valueType": {
							"friendlyName": "EPTState",
							"type": 5,
							"collectionType": 0,
							"referenceType": null,
							"referenceTypeName": null,
							"referenceTypeId": null
						}
					},
					{
						"name": "StateName",
						"valueType": {
							"friendlyName": "StateName",
							"type": 4,
							"collectionType": 0,
							"referenceType": null,
							"referenceTypeName": null,
							"referenceTypeId": null
						}
					},
					{
						"name": "BlockedReason",
						"valueType": {
							"friendlyName": "BlockedReason",
							"type": 5,
							"collectionType": 0,
							"referenceType": null,
							"referenceTypeName": null,
							"referenceTypeId": null
						}
					},
					{
						"name": "LoadPortNumber",
						"valueType": {
							"friendlyName": "LoadPortNumber",
							"type": 5,
							"collectionType": 0,
							"referenceType": null,
							"referenceTypeName": null,
							"referenceTypeId": null
						}
					},
					{
						"name": "ChamberResourceNumber",
						"valueType": {
							"friendlyName": "ChamberResourceNumber",
							"type": 5,
							"collectionType": 0,
							"referenceType": null,
							"referenceTypeName": null,
							"referenceTypeId": null
						}
					},
					{
						"name": "ComponentResourceNumber",
						"valueType": {
							"friendlyName": "ComponentResourceNumber",
							"type": 5,
							"collectionType": 0,
							"referenceType": null,
							"referenceTypeName": null,
							"referenceTypeId": null
						}
					}
				],
				"outputs": [],
				"___cmf___name": "Workflow"
			}
		}
	],
	"converters": [],
	"links": [],
	"layout": {
		"general": {
			"color": "#0080ff",
			"notes": []
		},
		"drawers": {
			"DIAGRAM": {
				"tasks": {
					"task_38972": {
						"collapsed": false,
						"position": {
							"x": 972,
							"y": 1002.3125
						},
						"outdated": false
					},
					"task_39071": {
						"collapsed": false,
						"position": {
							"x": 1983,
							"y": 975
						},
						"outdated": false
					}
				},
				"links": {},
				"notes": {},
				"zoom": 0.5499999999999996,
				"pan": {
					"x": 433,
					"y": 389
				}
			}
		}
	}
}