{
	"tasks": [
		{
			"id": "task_135964",
			"reference": {
				"name": "workflow",
				"package": {
					"name": "@criticalmanufacturing/connect-iot-controller-engine-core-tasks",
					"version": "9.1.0-202209072"
				}
			},
			"settings": {
				"automationWorkflow": {
					"DisplayName": "ProcessStarted",
					"IsShared": true,
					"Name": "ProcessStarted"
				},
				"executeWhenAllInputsDefined": false,
				"contextsExpirationInMilliseconds": 60000,
				"executionExpirationInMilliseconds": 1200000,
				"inputs": [
					{
						"name": "MaterialName",
						"valueType": {
							"type": 4,
							"collectionType": 0,
							"referenceType": null,
							"referenceTypeName": null,
							"referenceTypeId": null,
							"friendlyName": "MaterialName"
						}
					},
					{
						"name": "ContainerName",
						"valueType": {
							"type": 4,
							"collectionType": 0,
							"referenceType": null,
							"referenceTypeName": null,
							"referenceTypeId": null,
							"friendlyName": "ContainerName"
						}
					},
					{
						"name": "LoadPortId",
						"valueType": {
							"type": 5,
							"collectionType": 0,
							"referenceType": null,
							"referenceTypeName": null,
							"referenceTypeId": null,
							"friendlyName": "LoadPortId"
						}
					},
					{
						"name": "ControlJobId",
						"valueType": {
							"type": 4,
							"collectionType": 0,
							"referenceType": null,
							"referenceTypeName": null,
							"referenceTypeId": null,
							"friendlyName": "ControlJobId"
						}
					},
					{
						"name": "ProcessJobId",
						"valueType": {
							"type": 4,
							"collectionType": 0,
							"referenceType": null,
							"referenceTypeName": null,
							"referenceTypeId": null,
							"friendlyName": "ProcessJobId"
						}
					},
					{
						"name": "IsBatchAction",
						"valueType": {
							"type": 3,
							"collectionType": 0,
							"referenceType": null,
							"referenceTypeName": null,
							"referenceTypeId": null,
							"friendlyName": "IsBatchAction"
						}
					},
					{
						"name": "StateUpdatedOnMainEquipment",
						"valueType": {
							"type": 3,
							"collectionType": 0,
							"referenceType": null,
							"referenceTypeName": null,
							"referenceTypeId": null,
							"friendlyName": ""
						}
					}
				],
				"outputs": [
					{
						"name": "MaterialDataObjects",
						"valueType": {
							"friendlyName": "MaterialDataObjects",
							"type": 10,
							"collectionType": 0,
							"referenceType": null,
							"referenceTypeName": null,
							"referenceTypeId": null
						}
					}
				],
				"___cmf___name": "Process Started Workflow"
			}
		},
		{
			"id": "task_51951",
			"reference": {
				"name": "equipmentEvent",
				"package": {
					"name": "@criticalmanufacturing/connect-iot-controller-engine-core-tasks",
					"version": "9.1.0-202209072"
				}
			},
			"settings": {
				"_workingMode": "AlwaysActive",
				"_acceptAllEvents": false,
				"_outputs": []
			},
			"driver": "SecsGemEquipment"
		}
	],
	"converters": [
		{
			"id": "@criticalmanufacturing/connect-iot-controller-engine-core-tasks#anyToAny",
			"reference": {
				"name": "anyToAny",
				"package": {
					"name": "@criticalmanufacturing/connect-iot-controller-engine-core-tasks",
					"version": "9.1.0-202209072"
				}
			}
		},
		{
			"id": "@criticalmanufacturing/connect-iot-controller-engine-core-tasks#stringToEntityInstance",
			"reference": {
				"name": "stringToEntityInstance",
				"package": {
					"name": "@criticalmanufacturing/connect-iot-controller-engine-core-tasks",
					"version": "9.1.0-202209072"
				}
			}
		},
		{
			"id": "@criticalmanufacturing/connect-iot-controller-engine-core-tasks#objectProperty",
			"reference": {
				"name": "objectProperty",
				"package": {
					"name": "@criticalmanufacturing/connect-iot-controller-engine-core-tasks",
					"version": "9.1.0-202209072"
				}
			}
		},
		{
			"id": "@criticalmanufacturing/connect-iot-controller-engine-core-tasks#anyToConstant",
			"reference": {
				"name": "anyToConstant",
				"package": {
					"name": "@criticalmanufacturing/connect-iot-controller-engine-core-tasks",
					"version": "9.1.0-202209072"
				}
			}
		}
	],
	"links": [],
	"layout": {
		"general": {
			"color": "#00ff80",
			"notes": [
				{
					"id": "note_53240",
					"name": "TosProcessStarted",
					"value": "<p><strong>What it does:</strong></p><p>Updates MaterialData state from Setup to In Process.</p><p>Updates MES Material CustomMaterialStateModel state (Main State Model State) to In Progress.</p><p><strong>How to use it:</strong></p><ol><li>Open the Event task and select the Event corresponding to TosProcessStarted for the Tool;</li><li>Use the information received to drive the Process Started workflow;</li><li>Pass any event Output to the Activate Input of the Workflow; </li></ol><p><strong>Note:</strong><strong></strong></p><p>The Workflow Process Start will try to retrieve the MaterialData using the inputs following the next logic:<br /><br /></p><ol><li>If the materialName is available retrieve the corresponding materialData;</li><li>If the containerName is available retrieve the materialData which references it on containerName;</li><li>If the loadPortId is passed it will use a match using load port id and materialState defined on the settings;</li><li>If no information is available on the inputs, if defined, use the materialState defined on the settings to retrieve the first (oldest) materialData available in the persistence;</li><li>If none of this criteria corresponds to available information, return an error.</li></ol><p>The logic described before will be triggered by order, but only one the first matching selection criteria will be run. If the criteria fails to return a materialData an Error will be returned.<br /><br />If a material is found, then it sets its state to the state defined in the setting parameter Material To Set, update the materialData on persistence. When successful output the updated materialData on the output material.</p><p>If IsBatch input is passed as True all the MaterialData that match the inputs, and corresponding Material on MES, will be set to the new state, if not passed or passed as False only the first one will be actuated.&nbsp;</p>",
					"color": "#ffffa5"
				}
			]
		},
		"drawers": {
			"DIAGRAM": {
				"tasks": {
					"task_135964": {
						"collapsed": false,
						"position": {
							"x": 1106,
							"y": 251
						},
						"outdated": false
					},
					"task_51951": {
						"collapsed": false,
						"position": {
							"x": 241,
							"y": 234
						},
						"outdated": false
					}
				},
				"links": {},
				"notes": {
					"note_53240": {
						"collapsed": false,
						"position": {
							"x": 1616,
							"y": 32
						}
					}
				},
				"zoom": 0.6799999999999999,
				"pan": {
					"x": 61.372528999363,
					"y": 27.32143047733888
				}
			}
		}
	}
}
