{
  "tasks": [
    {
      "id": "task_18591",
      "reference": {
        "name": "logMessage",
        "package": {
          "name": "@criticalmanufacturing/connect-iot-controller-engine-core-tasks",
          "version": "9.1.0-202209072"
        }
      },
      "settings": {
        "message": "",
        "verbosity": "Error",
        "clearInputs": true,
        "mode": "MultipleInputs",
        "isCustomFormat": true,
        "messageFormat": "Error On Directory Mount: ${error}",
        "inputs": [
          {
            "name": "error",
            "valueType": {
              "friendlyName": "Error",
              "type": 10,
              "collectionType": 0,
              "referenceType": null,
              "referenceTypeName": null,
              "referenceTypeId": null
            }
          }
        ],
        "___cmf___name": "Log Message",
        "___cmf___color": "#ff0000"
      }
    },
    {
      "id": "task_18593",
      "reference": {
        "name": "store",
        "package": {
          "name": "@criticalmanufacturing/connect-iot-controller-engine-core-tasks",
          "version": "9.1.0-202209072"
        }
      },
      "settings": {
        "_workingMode": "StoreOnActivate",
        "___cmf___name": "Store Data",
        "_inputs": [
          {
            "name": "Generic_Directory",
            "valueType": {
              "type": 4,
              "collectionType": 0,
              "referenceType": null,
              "referenceTypeName": null,
              "referenceTypeId": null,
              "friendlyName": ""
            },
            "storage": "Persistent",
            "identifier": "_Generic_Directory",
            "defaultValue": null
          }
        ],
        "___cmf___color": "#808078"
      }
    },
    {
      "id": "task_18595",
      "reference": {
        "name": "equipmentSetupResult",
        "package": {
          "name": "@criticalmanufacturing/connect-iot-controller-engine-core-tasks",
          "version": "9.1.0-202209072"
        }
      },
      "settings": {
        "___cmf___name": "Equipment Setup Result",
        "___cmf___color": "#00ff80"
      },
      "driver": "FileDriver"
    },
    {
      "id": "task_18597",
      "reference": {
        "name": "entityInstance",
        "package": {
          "name": "@criticalmanufacturing/connect-iot-controller-engine-core-tasks",
          "version": "9.1.0-202209072"
        }
      },
      "settings": {
        "entityTypeName": "Resource",
        "attributes": [
          {
            "Name": "AutomationEquipmentAddress",
            "ScalarTypeName": "nvarchar"
          }
        ],
        "loadAllAttributes": false,
        "levelsToLoad": 0,
        "reloadEveryChange": false,
        "retries": 30,
        "sleepBetweenRetries": 1000,
        "_autoActivate": false,
        "___cmf___name": "Entity Instance",
        "___cmf___color": "#0080ff"
      },
      "driver": "FileDriver"
    },
    {
      "id": "task_18599",
      "reference": {
        "name": "equipmentSetup",
        "package": {
          "name": "@criticalmanufacturing/connect-iot-controller-engine-core-tasks",
          "version": "9.1.0-202209072"
        }
      },
      "settings": {
        "reconnectInterval": 10000,
        "reconnectMaxAttempts": 0,
        "requireBuffering": true,
        "heartbeatInterval": 60000,
        "setupTimeout": 10000,
        "intervalBeforeReconnect": 5000,
        "connectingTimeout": 30000,
        "emitInNewContext": false,
        "_inputs": [
          {
            "name": "path",
            "defaultValue": "",
            "dataType": "String",
            "parameter": {
              "$type": "Cmf.Foundation.BusinessObjects.AutomationProtocolParameter, Cmf.Foundation.BusinessObjects",
              "Name": "path"
            },
            "automationDataType": 0
          },
          {
            "name": "fileMask",
            "defaultValue": "**/*",
            "dataType": "String",
            "parameter": {
              "$type": "Cmf.Foundation.BusinessObjects.AutomationProtocolParameter, Cmf.Foundation.BusinessObjects",
              "Name": "fileMask"
            },
            "automationDataType": 0
          },
          {
            "name": "archivePath",
            "defaultValue": "",
            "dataType": "String",
            "parameter": {
              "$type": "Cmf.Foundation.BusinessObjects.AutomationProtocolParameter, Cmf.Foundation.BusinessObjects",
              "Name": "archivePath"
            },
            "automationDataType": 0
          },
          {
            "name": "watcherType",
            "defaultValue": "Chokidar",
            "dataType": "String",
            "parameter": {
              "$type": "Cmf.Foundation.BusinessObjects.AutomationProtocolParameter, Cmf.Foundation.BusinessObjects",
              "Name": "watcherType"
            },
            "automationDataType": 0
          },
          {
            "name": "ignoreInitial",
            "defaultValue": "False",
            "dataType": "Boolean",
            "parameter": {
              "$type": "Cmf.Foundation.BusinessObjects.AutomationProtocolParameter, Cmf.Foundation.BusinessObjects",
              "Name": "ignoreInitial"
            },
            "automationDataType": 8
          },
          {
            "name": "watcherMode",
            "defaultValue": "Polling",
            "dataType": "String",
            "parameter": {
              "$type": "Cmf.Foundation.BusinessObjects.AutomationProtocolParameter, Cmf.Foundation.BusinessObjects",
              "Name": "watcherMode"
            },
            "automationDataType": 0
          },
          {
            "name": "pollingInterval",
            "defaultValue": "100",
            "dataType": "Integer",
            "parameter": {
              "$type": "Cmf.Foundation.BusinessObjects.AutomationProtocolParameter, Cmf.Foundation.BusinessObjects",
              "Name": "pollingInterval"
            },
            "automationDataType": 5
          },
          {
            "name": "pollingBinaryInterval",
            "defaultValue": "300",
            "dataType": "Integer",
            "parameter": {
              "$type": "Cmf.Foundation.BusinessObjects.AutomationProtocolParameter, Cmf.Foundation.BusinessObjects",
              "Name": "pollingBinaryInterval"
            },
            "automationDataType": 5
          },
          {
            "name": "alwaysStat",
            "defaultValue": "True",
            "dataType": "Boolean",
            "parameter": {
              "$type": "Cmf.Foundation.BusinessObjects.AutomationProtocolParameter, Cmf.Foundation.BusinessObjects",
              "Name": "alwaysStat"
            },
            "automationDataType": 8
          },
          {
            "name": "depth",
            "defaultValue": "0",
            "dataType": "Integer",
            "parameter": {
              "$type": "Cmf.Foundation.BusinessObjects.AutomationProtocolParameter, Cmf.Foundation.BusinessObjects",
              "Name": "depth"
            },
            "automationDataType": 5
          },
          {
            "name": "awaitWriteFinish",
            "defaultValue": "True",
            "dataType": "Boolean",
            "parameter": {
              "$type": "Cmf.Foundation.BusinessObjects.AutomationProtocolParameter, Cmf.Foundation.BusinessObjects",
              "Name": "awaitWriteFinish"
            },
            "automationDataType": 8
          },
          {
            "name": "awaitWriteFinishStabilityThreshold",
            "defaultValue": "2000",
            "dataType": "Integer",
            "parameter": {
              "$type": "Cmf.Foundation.BusinessObjects.AutomationProtocolParameter, Cmf.Foundation.BusinessObjects",
              "Name": "awaitWriteFinishStabilityThreshold"
            },
            "automationDataType": 5
          },
          {
            "name": "awaitWriteFinishPollInterval",
            "defaultValue": "100",
            "dataType": "Integer",
            "parameter": {
              "$type": "Cmf.Foundation.BusinessObjects.AutomationProtocolParameter, Cmf.Foundation.BusinessObjects",
              "Name": "awaitWriteFinishPollInterval"
            },
            "automationDataType": 5
          },
          {
            "name": "atomic",
            "defaultValue": "100",
            "dataType": "Integer",
            "parameter": {
              "$type": "Cmf.Foundation.BusinessObjects.AutomationProtocolParameter, Cmf.Foundation.BusinessObjects",
              "Name": "atomic"
            },
            "automationDataType": 5
          }
        ]
      },
      "driver": "FileDriver"
    },
    {
      "id": "task_18601",
      "reference": {
        "name": "mount",
        "package": {
          "name": "@criticalmanufacturing/connect-iot-controller-engine-filedrivers-tasks",
          "version": "9.1.0-202209072"
        }
      },
      "settings": {
        "failIfLocalPathExists": false,
        "___cmf___name": "Mount",
        "localPath": "C:\\FileTransferDirInput"
      },
      "driver": "FileDriver"
    }
  ],
  "converters": [],
  "links": [
    {
      "id": "task_18599_onInitialize-task_18597_activate",
      "sourceId": "task_18599",
      "targetId": "task_18597",
      "inputName": "activate",
      "outputName": "onInitialize",
      "converters": []
    },
    {
      "id": "task_18597_AutomationEquipmentAddress-task_18601_path",
      "sourceId": "task_18597",
      "targetId": "task_18601",
      "inputName": "path",
      "outputName": "AutomationEquipmentAddress",
      "converters": []
    },
    {
      "id": "task_18599_onSetup-task_18595_success",
      "sourceId": "task_18599",
      "targetId": "task_18595",
      "inputName": "success",
      "outputName": "onSetup",
      "converters": []
    },
    {
      "id": "task_18601_pathOut-task_18599_path",
      "sourceId": "task_18601",
      "targetId": "task_18599",
      "inputName": "path",
      "outputName": "pathOut",
      "converters": []
    },
    {
      "id": "task_18601_success-task_18599_connect",
      "sourceId": "task_18601",
      "targetId": "task_18599",
      "inputName": "connect",
      "outputName": "success",
      "converters": []
    },
    {
      "id": "task_18597_AutomationEquipmentAddress-task_18601_activate",
      "sourceId": "task_18597",
      "targetId": "task_18601",
      "inputName": "activate",
      "outputName": "AutomationEquipmentAddress",
      "converters": []
    },
    {
      "id": "task_18601_error-task_18595_failure",
      "sourceId": "task_18601",
      "targetId": "task_18595",
      "inputName": "failure",
      "outputName": "error",
      "converters": []
    },
    {
      "id": "task_18601_error-task_18591_errorIn",
      "sourceId": "task_18601",
      "targetId": "task_18591",
      "inputName": "errorIn",
      "outputName": "error",
      "converters": []
    },
    {
      "id": "task_18601_error-task_18591_activate",
      "sourceId": "task_18601",
      "targetId": "task_18591",
      "inputName": "activate",
      "outputName": "error",
      "converters": []
    },
    {
      "id": "task_18601_pathOut-task_18593_activate",
      "sourceId": "task_18601",
      "targetId": "task_18593",
      "inputName": "activate",
      "outputName": "pathOut",
      "converters": []
    },
    {
      "id": "task_18601_pathOut-task_18593_Generic_Directory",
      "sourceId": "task_18601",
      "targetId": "task_18593",
      "inputName": "Generic_Directory",
      "outputName": "pathOut",
      "converters": []
    }
  ],
  "layout": {
    "general": {
      "color": "#ffff00",
      "notes": []
    },
    "drawers": {
      "DIAGRAM": {
        "tasks": {
          "task_18591": {
            "collapsed": false,
            "position": {
              "x": 1032,
              "y": 887
            },
            "outdated": false
          },
          "task_18593": {
            "collapsed": false,
            "position": {
              "x": 1152,
              "y": 170
            },
            "outdated": false
          },
          "task_18595": {
            "collapsed": false,
            "position": {
              "x": 2256,
              "y": 431
            },
            "outdated": false
          },
          "task_18597": {
            "collapsed": false,
            "position": {
              "x": 82,
              "y": 219
            },
            "outdated": false
          },
          "task_18599": {
            "collapsed": false,
            "position": {
              "x": 1488,
              "y": 513
            },
            "outdated": false
          },
          "task_18601": {
            "collapsed": false,
            "position": {
              "x": 595,
              "y": 271
            },
            "outdated": false
          }
        },
        "links": {
          "task_18599_onInitialize-task_18597_activate": {
            "vertices": [
              {
                "x": 1978,
                "y": 214
              },
              {
                "x": 1208,
                "y": 65
              },
              {
                "x": 163,
                "y": 127
              }
            ]
          },
          "task_18597_AutomationEquipmentAddress-task_18601_path": {
            "vertices": []
          },
          "task_18599_onSetup-task_18595_success": {
            "vertices": []
          },
          "task_18601_pathOut-task_18599_path": {
            "vertices": []
          },
          "task_18601_success-task_18599_connect": {
            "vertices": []
          },
          "task_18597_AutomationEquipmentAddress-task_18601_activate": {
            "vertices": []
          },
          "task_18601_error-task_18595_failure": {
            "vertices": []
          },
          "task_18601_error-task_18591_errorIn": {
            "vertices": []
          },
          "task_18601_error-task_18591_activate": {
            "vertices": []
          },
          "task_18601_pathOut-task_18593_activate": {
            "vertices": []
          },
          "task_18601_pathOut-task_18593_Generic_Directory": {
            "vertices": []
          }
        },
        "notes": {},
        "zoom": 0.75,
        "pan": {
          "x": 161.25,
          "y": 0
        }
      }
    }
  }
}