{
	"tasks": [
		{
			"id": "task_4909",
			"reference": {
				"name": "recipeBodyRequested",
				"package": {
					"name": "@criticalmanufacturing/connect-iot-controller-engine-mes-tasks",
					"version": "9.1.0-202209072"
				}
			},
			"settings": {
				"autoActivate": true,
				"recipeBodyRequestedSubject": "RecipeManagement.GetRecipeBody",
				"replyTimeout": 60000,
				"___cmf___name": "Recipe Body Requested",
				"___cmf___color": "#0080ff"
			}
		},
		{
			"id": "task_4959",
			"reference": {
				"name": "getRecipeBody",
				"package": {
					"name": "@criticalmanufacturing/connect-iot-controller-engine-secsgem-tasks",
					"version": "9.1.0-202209072"
				}
			},
			"settings": {
				"primaryRequestMessage": "{\"type\":\"A\",\"name\":\"PPID\",\"value\":\"\"}",
				"streamFunctionName": "S7F5",
				"recipeNamePrimaryPath": "/",
				"recipeNameSecondaryPath": "/[1]",
				"recipeBodyPath": "/[2]",
				"recipeBodyType": "Buffer",
				"___cmf___color": "#ffff80"
			},
			"driver": "SecsGemEquipment"
		}
	],
	"converters": [],
	"links": [
		{
			"id": "e2e7a321-61d0-4c99-b6aa-5ecff0cd0bae",
			"sourceId": "task_4909",
			"targetId": "task_4959",
			"inputName": "recipeName",
			"outputName": "recipeName"
		},
		{
			"id": "9da6eae5-cfff-40f7-80f6-70463e763c47",
			"sourceId": "task_4909",
			"targetId": "task_4959",
			"inputName": "activate",
			"outputName": "recipeName"
		},
		{
			"id": "64df174b-5e65-4d01-a167-f7187ee62bd9",
			"sourceId": "task_4959",
			"targetId": "task_4909",
			"inputName": "recipeBody",
			"outputName": "recipeBody"
		},
		{
			"id": "76426aac-08cf-44e2-a9cd-874f48a6d8a9",
			"sourceId": "task_4959",
			"targetId": "task_4909",
			"inputName": "activate",
			"outputName": "success"
		}
	],
	"layout": {
		"general": {
			"color": "#0080ff",
			"notes": []
		},
		"drawers": {
			"DIAGRAM": {
				"tasks": {
					"task_4909": {
						"collapsed": false,
						"position": {
							"x": 826,
							"y": 631
						},
						"outdated": false
					},
					"task_4959": {
						"collapsed": false,
						"position": {
							"x": 1489,
							"y": 674
						},
						"outdated": false
					}
				},
				"links": {
					"e2e7a321-61d0-4c99-b6aa-5ecff0cd0bae": {
						"vertices": []
					},
					"9da6eae5-cfff-40f7-80f6-70463e763c47": {
						"vertices": []
					},
					"64df174b-5e65-4d01-a167-f7187ee62bd9": {
						"vertices": [
							{
								"x": 1971,
								"y": 422
							},
							{
								"x": 810,
								"y": 404
							}
						]
					},
					"76426aac-08cf-44e2-a9cd-874f48a6d8a9": {
						"vertices": [
							{
								"x": 1880,
								"y": 1024
							},
							{
								"x": 610,
								"y": 1031
							}
						]
					}
				},
				"notes": {},
				"pan": {
					"x": 152,
					"y": 103
				}
			}
		}
	}
}
