{
	"tasks": [
		{
			"id": "task_194418",
			"reference": {
				"name": "equipmentEvent",
				"package": {
					"name": "@criticalmanufacturing/connect-iot-controller-engine-core-tasks",
					"version": "8.3.3-202201212"
				}
			},
			"settings": {
				"_workingMode": "AlwaysActive",
				"_acceptAllEvents": false,
				"_outputs": [
					{
						"property": {
							"$type": "Cmf.Foundation.BusinessObjects.AutomationProperty, Cmf.Foundation.BusinessObjects",
							"Name": "PortTransferState",
							"DataType": 5
						},
						"outputType": "Value"
					},
					{
						"property": {
							"$type": "Cmf.Foundation.BusinessObjects.AutomationProperty, Cmf.Foundation.BusinessObjects",
							"Name": "PortReservationState",
							"DataType": 5
						},
						"outputType": "Value"
					},
					{
						"property": {
							"$type": "Cmf.Foundation.BusinessObjects.AutomationProperty, Cmf.Foundation.BusinessObjects",
							"Name": "CarrierID_CarrierReport",
							"DataType": 0
						},
						"outputType": "Value"
					},
					{
						"property": {
							"$type": "Cmf.Foundation.BusinessObjects.AutomationProperty, Cmf.Foundation.BusinessObjects",
							"Name": "PortAccessMode",
							"DataType": 5
						},
						"outputType": "Value"
					},
					{
						"property": {
							"$type": "Cmf.Foundation.BusinessObjects.AutomationProperty, Cmf.Foundation.BusinessObjects",
							"Name": "PortAssociationState",
							"DataType": 5
						},
						"outputType": "Value"
					},
					{
						"property": {
							"$type": "Cmf.Foundation.BusinessObjects.AutomationProperty, Cmf.Foundation.BusinessObjects",
							"Name": "PortID_CarrierReport",
							"DataType": 5
						},
						"outputType": "Value"
					}
				],
				"___cmf___name": "On Equipment Event",
				"_events": [
					{
						"$type": "Cmf.Foundation.BusinessObjects.AutomationEvent, Cmf.Foundation.BusinessObjects",
						"Name": "MaterialReceived"
					}
				]
			},
			"driver": "SecsGemEquipment"
		},
		{
			"id": "task_194517",
			"reference": {
				"name": "workflow",
				"package": {
					"name": "@criticalmanufacturing/connect-iot-controller-engine-core-tasks",
					"version": "8.3.3-202201212"
				}
			},
			"settings": {
				"automationWorkflow": {
					"DisplayName": "CarrierIdRead",
					"IsShared": true,
					"Name": "CarrierIdRead"
				},
				"executeWhenAllInputsDefined": false,
				"contextsExpirationInMilliseconds": 60000,
				"executionExpirationInMilliseconds": 1200000,
				"inputs": [
					{
						"name": "ContainerId",
						"valueType": {
							"type": 4,
							"collectionType": 0,
							"referenceType": null,
							"referenceTypeName": null,
							"referenceTypeId": null,
							"friendlyName": ""
						}
					},
					{
						"name": "SlotMap",
						"valueType": {
							"type": 10,
							"collectionType": 0,
							"referenceType": null,
							"referenceTypeName": null,
							"referenceTypeId": null,
							"friendlyName": ""
						}
					},
					{
						"name": "LoadPort",
						"valueType": {
							"type": 5,
							"collectionType": 0,
							"referenceType": null,
							"referenceTypeName": null,
							"referenceTypeId": null,
							"friendlyName": ""
						}
					},
					{
						"name": "StateUpdatedOnMainEquipment",
						"valueType": {
							"type": 3,
							"collectionType": 0,
							"referenceType": null,
							"referenceTypeName": null,
							"referenceTypeId": null,
							"friendlyName": "StateUpdatedOnMainEquipment"
						}
					}
				],
				"outputs": [
					{
						"name": "container",
						"valueType": {
							"friendlyName": "container",
							"type": 10,
							"collectionType": 0,
							"referenceType": null,
							"referenceTypeName": null,
							"referenceTypeId": null
						}
					},
					{
						"name": "LoadPort",
						"valueType": {
							"friendlyName": "LoadPort",
							"type": 5,
							"collectionType": 0,
							"referenceType": null,
							"referenceTypeName": null,
							"referenceTypeId": null
						}
					}
				],
				"___cmf___name": "Workflow"
			}
		},
		{
			"id": "task_29429",
			"reference": {
				"name": "equipmentCommand",
				"package": {
					"name": "@criticalmanufacturing/connect-iot-controller-engine-core-tasks",
					"version": "8.3.3-202201212"
				}
			},
			"settings": {
				"_inputs": [
					{
						"parameter": {
							"$type": "Cmf.Foundation.BusinessObjects.AutomationCommandParameter, Cmf.Foundation.BusinessObjects",
							"Name": "PORTID",
							"DataType": 0
						},
						"dataType": "String"
					},
					{
						"parameter": {
							"$type": "Cmf.Foundation.BusinessObjects.AutomationCommandParameter, Cmf.Foundation.BusinessObjects",
							"Name": "CARRIERID",
							"DataType": 0
						},
						"dataType": "String"
					}
				],
				"_command": {
					"$type": "Cmf.Foundation.BusinessObjects.AutomationCommand, Cmf.Foundation.BusinessObjects",
					"Name": "LOADCARRIER"
				},
				"___cmf___name": "Execute Equipment Command"
			},
			"driver": "SecsGemEquipment"
		}
	],
	"converters": [
		{
			"id": "@criticalmanufacturing/connect-iot-controller-engine-core-tasks#anyToString",
			"reference": {
				"name": "anyToString",
				"package": {
					"name": "@criticalmanufacturing/connect-iot-controller-engine-core-tasks",
					"version": "8.3.3-202201212"
				}
			}
		},
		{
			"id": "@criticalmanufacturing/connect-iot-controller-engine-core-tasks#objectProperty",
			"reference": {
				"name": "objectProperty",
				"package": {
					"name": "@criticalmanufacturing/connect-iot-controller-engine-core-tasks",
					"version": "8.3.3-202201212"
				}
			}
		}
	],
	"links": [
		{
			"id": "25ae2491-06f6-473d-90f4-fdc7ef90c378",
			"sourceId": "task_194418",
			"targetId": "task_194517",
			"inputName": "ContainerIdIn",
			"outputName": "$CarrierID_CarrierReport"
		},
		{
			"id": "33f5a19a-b1fd-4b06-a609-7abe41769e81",
			"sourceId": "task_194418",
			"targetId": "task_194517",
			"inputName": "LoadPortIn",
			"outputName": "$PortID_CarrierReport"
		},
		{
			"id": "6fb7a279-283e-4347-9718-6fd31961647b",
			"sourceId": "task_194418",
			"targetId": "task_194517",
			"inputName": "activate",
			"outputName": "$PortID_CarrierReport"
		},
		{
			"id": "2441cce1-bf04-4b98-a725-14240954434c",
			"sourceId": "task_194517",
			"targetId": "task_29429",
			"inputName": "$PORTID",
			"outputName": "LoadPortOut",
			"converters": [
				{
					"id": "@criticalmanufacturing/connect-iot-controller-engine-core-tasks#anyToString",
					"params": {}
				}
			]
		},
		{
			"id": "c74660e0-fab1-4eee-b9a7-b44479468557",
			"sourceId": "task_194517",
			"targetId": "task_29429",
			"inputName": "$CARRIERID",
			"outputName": "containerOut",
			"converters": [
				{
					"id": "@criticalmanufacturing/connect-iot-controller-engine-core-tasks#objectProperty",
					"params": {
						"path": "ContainerName",
						"type": 4
					}
				}
			]
		},
		{
			"id": "8d2a1d15-9219-42e4-8088-b5da8c568113",
			"sourceId": "task_194517",
			"targetId": "task_29429",
			"inputName": "activate",
			"outputName": "success"
		}
	],
	"layout": {
		"general": {
			"color": "#80ffff",
			"notes": [
				{
					"id": "note_195558",
					"name": "TosCarrierIDRead",
					"value": "<p><strong>What it does:</strong></p><p>Stores Container In on Container Data for Load Port;</p><p>Default behavior executes Dock of Container On MES.</p><p><strong>How to use it:</strong></p><ol><li>Open the Event task and select the Event corresponding to TosCarrierIDRead for the Tool;</li><li>Pass Load Port and Container Id to the Workflow;&nbsp;</li><li>Pass any event Output to the Activate Input of the Workflow;</li></ol><ol><p>&nbsp;</p><p>&nbsp;</p></ol><p>&nbsp;</p>",
					"color": "#ffffa5"
				}
			]
		},
		"drawers": {
			"DIAGRAM": {
				"tasks": {
					"task_194418": {
						"collapsed": false,
						"position": {
							"x": 940,
							"y": 489
						},
						"outdated": false
					},
					"task_194517": {
						"collapsed": false,
						"position": {
							"x": 1563,
							"y": 626
						},
						"outdated": false
					},
					"task_29429": {
						"collapsed": false,
						"position": {
							"x": 2160,
							"y": 677
						},
						"outdated": false
					}
				},
				"links": {
					"25ae2491-06f6-473d-90f4-fdc7ef90c378": {
						"vertices": []
					},
					"33f5a19a-b1fd-4b06-a609-7abe41769e81": {
						"vertices": []
					},
					"6fb7a279-283e-4347-9718-6fd31961647b": {
						"vertices": []
					},
					"8d2a1d15-9219-42e4-8088-b5da8c568113": {
						"vertices": []
					},
					"2441cce1-bf04-4b98-a725-14240954434c": {
						"vertices": []
					},
					"c74660e0-fab1-4eee-b9a7-b44479468557": {
						"vertices": []
					}
				},
				"notes": {
					"note_195558": {
						"collapsed": false,
						"position": {
							"x": 2652,
							"y": 465
						}
					}
				},
				"zoom": 0.5700000000000003,
				"pan": {
					"x": 505.82138325096525,
					"y": 167.04981090518174
				}
			}
		}
	}
}