{
	"tasks": [
		{
			"id": "task_95323",
			"reference": {
				"name": "workflow",
				"package": {
					"name": "@criticalmanufacturing/connect-iot-controller-engine-core-tasks",
					"version": "8.3.3-202201212"
				}
			},
			"settings": {
				"automationWorkflow": {
					"DisplayName": "CarrierRemoved",
					"IsShared": true,
					"Name": "CarrierRemoved"
				},
				"executeWhenAllInputsDefined": false,
				"contextsExpirationInMilliseconds": 60000,
				"executionExpirationInMilliseconds": 1200000,
				"inputs": [
					{
						"name": "ContainerId",
						"valueType": {
							"type": 4,
							"collectionType": 0,
							"referenceType": null,
							"referenceTypeName": null,
							"referenceTypeId": null,
							"friendlyName": "ContainerId"
						}
					},
					{
						"name": "LoadPortNumber",
						"valueType": {
							"friendlyName": "LoadPortNumber",
							"type": 5,
							"collectionType": 0,
							"referenceType": null,
							"referenceTypeName": null,
							"referenceTypeId": null
						}
					},
					{
						"name": "StateUpdatedOnMainEquipment",
						"valueType": {
							"type": 3,
							"collectionType": 0,
							"referenceType": null,
							"referenceTypeName": null,
							"referenceTypeId": null,
							"friendlyName": ""
						}
					}
				],
				"outputs": [
					{
						"name": "LoadPortName",
						"valueType": {
							"type": 4,
							"collectionType": 0,
							"referenceType": null,
							"referenceTypeName": null,
							"referenceTypeId": null,
							"friendlyName": "LoadPortName"
						}
					},
					{
						"name": "LoadPortNumber",
						"valueType": {
							"type": 5,
							"collectionType": 0,
							"referenceType": null,
							"referenceTypeName": null,
							"referenceTypeId": null,
							"friendlyName": ""
						}
					},
					{
						"name": "LoadPort",
						"valueType": {
							"friendlyName": "LoadPort",
							"type": null,
							"collectionType": 0,
							"referenceType": null,
							"referenceTypeName": null,
							"referenceTypeId": null
						}
					},
					{
						"name": "ContainerId",
						"valueType": {
							"type": 4,
							"collectionType": 0,
							"referenceType": null,
							"referenceTypeName": null,
							"referenceTypeId": null,
							"friendlyName": "ContainerId"
						}
					},
					{
						"name": "Container",
						"valueType": {
							"type": 10,
							"collectionType": 0,
							"referenceType": null,
							"referenceTypeName": null,
							"referenceTypeId": null,
							"friendlyName": "Container"
						}
					}
				],
				"___cmf___name": "Carrier Removed Workflow"
			}
		},
		{
			"id": "task_189672",
			"reference": {
				"name": "equipmentEvent",
				"package": {
					"name": "@criticalmanufacturing/connect-iot-controller-engine-core-tasks",
					"version": "8.3.3-202201212"
				}
			},
			"settings": {
				"_workingMode": "AlwaysActive",
				"_acceptAllEvents": false,
				"_outputs": []
			},
			"driver": "SecsGemEquipment"
		}
	],
	"converters": [
		{
			"id": "@criticalmanufacturing/connect-iot-controller-engine-core-tasks#anyToAny",
			"reference": {
				"name": "anyToAny",
				"package": {
					"name": "@criticalmanufacturing/connect-iot-controller-engine-core-tasks",
					"version": "8.3.3-202201212"
				}
			}
		},
		{
			"id": "@criticalmanufacturing/connect-iot-controller-engine-core-tasks#objectProperty",
			"reference": {
				"name": "objectProperty",
				"package": {
					"name": "@criticalmanufacturing/connect-iot-controller-engine-core-tasks",
					"version": "8.3.3-202201212"
				}
			}
		},
		{
			"id": "@criticalmanufacturing/connect-iot-controller-engine-core-tasks#anyToConstant",
			"reference": {
				"name": "anyToConstant",
				"package": {
					"name": "@criticalmanufacturing/connect-iot-controller-engine-core-tasks",
					"version": "8.3.3-202201212"
				}
			}
		}
	],
	"links": [],
	"layout": {
		"general": {
			"color": "#80ffff",
			"notes": [
				{
					"id": "note_189487",
					"name": "TosMaterialRemoved",
					"value": "<p><strong>What it does:</strong></p><p>Sets corresponding Load Port to Available;</p><p>Undocks Container Docked from Load Port;</p><p>Clears ContainerData associated with undocked Container;</p><p><strong>How to use it:</strong></p><ol><li>Open the Event task and select the Event corresponding to TosMaterialRemoved for the Tool;</li><li>Connect the value corresponding to the Load Port Id to the Load Port Id of the Workflow task;<ol><li>If the Equipment does not deliver that information and has only 1 port:<ol><li>Connect any event output to Load Port Id;</li><li>Use the Converter \"Any to Constant\" to send a value of Type Integer and Value 1;</li></ol></li><li>If the Equipment does not deliver that information and has multiple Load Port with multiple Event:<ol><li>Connect any event output to Load Port Id;</li><li>Use the Converter \"Any to Constant\" to send a value of Type Integer and Value corresponding to the Load Port;</li></ol></li></ol></li><li>Pass any event Output to the Activate Input of the Workflow;</li></ol>",
					"color": "#ffffa5"
				}
			]
		},
		"drawers": {
			"DIAGRAM": {
				"tasks": {
					"task_95323": {
						"collapsed": false,
						"position": {
							"x": 1065,
							"y": 328
						},
						"outdated": false
					},
					"task_189672": {
						"collapsed": false,
						"position": {
							"x": 502,
							"y": 250
						},
						"outdated": false
					}
				},
				"links": {},
				"notes": {
					"note_189487": {
						"collapsed": false,
						"position": {
							"x": 1529,
							"y": 110
						}
					}
				},
				"pan": {
					"x": 210.38029919356995,
					"y": 45.47889645162047
				},
				"zoom": 0.7200000000000002
			}
		}
	}
}