{
	"tasks": [
		{
			"id": "task_158178",
			"reference": {
				"name": "workflow",
				"package": {
					"name": "@criticalmanufacturing/connect-iot-controller-engine-core-tasks",
					"version": "8.3.3-202201212"
				}
			},
			"settings": {
				"automationWorkflow": {
					"DisplayName": "ReadyToUnload",
					"IsShared": true,
					"Name": "ReadyToUnload"
				},
				"executeWhenAllInputsDefined": false,
				"contextsExpirationInMilliseconds": 60000,
				"executionExpirationInMilliseconds": 1200000,
				"inputs": [
					{
						"name": "LoadPortNumber",
						"valueType": {
							"type": 5,
							"collectionType": 0,
							"referenceType": null,
							"referenceTypeName": null,
							"referenceTypeId": null,
							"friendlyName": "LoadPortNumber"
						}
					},
					{
						"name": "ContainerId",
						"valueType": {
							"type": 4,
							"collectionType": 0,
							"referenceType": null,
							"referenceTypeName": null,
							"referenceTypeId": null,
							"friendlyName": ""
						}
					},
					{
						"name": "StateUpdatedOnMainEquipment",
						"valueType": {
							"friendlyName": "StateUpdatedOnMainEquipment",
							"type": 3,
							"collectionType": 0,
							"referenceType": null,
							"referenceTypeName": null,
							"referenceTypeId": null
						}
					}
				],
				"outputs": [
					{
						"name": "LoadPortName",
						"valueType": {
							"type": 4,
							"collectionType": 0,
							"referenceType": null,
							"referenceTypeName": null,
							"referenceTypeId": null,
							"friendlyName": ""
						}
					},
					{
						"name": "LoadPortNumber",
						"valueType": {
							"type": 5,
							"collectionType": 0,
							"referenceType": null,
							"referenceTypeName": null,
							"referenceTypeId": null,
							"friendlyName": ""
						}
					},
					{
						"name": "LoadPort",
						"valueType": {
							"type": 10,
							"collectionType": 0,
							"referenceType": null,
							"referenceTypeName": null,
							"referenceTypeId": null,
							"friendlyName": ""
						}
					}
				],
				"___cmf___name": "Ready to Unload Workflow"
			}
		},
		{
			"id": "task_158180",
			"reference": {
				"name": "equipmentEvent",
				"package": {
					"name": "@criticalmanufacturing/connect-iot-controller-engine-core-tasks",
					"version": "8.3.3-202201212"
				}
			},
			"settings": {
				"_workingMode": "AlwaysActive",
				"_acceptAllEvents": false,
				"_outputs": []
			},
			"driver": "SecsGemEquipment"
		}
	],
	"converters": [],
	"links": [],
	"layout": {
		"general": {
			"color": "#80ffff",
			"notes": [
				{
					"id": "note_158182",
					"name": "TosReadyToUnload",
					"value": "<p><strong>What it does:</strong></p><p>Sets corresponding Load Port to ReadyToUnload;</p><p>Request Transport Job for Load Port;</p><p>&nbsp;</p><p><strong>How to use it:</strong></p><ol><li>Open the Event task and select the Event corresponding to ReadyToUnload for the Tool;</li><li>Connect the value corresponding to the Load Port Id to the Load Port Id of the Workflow task;<ol><li>If the Equipment does not deliver that information and has only 1 port:<ol><li>Connect any event output to Load Port Id;</li><li>Use the Converter \"Any to Constant\" to send a value of Type Integer and Value 1;</li></ol></li><li>If the Equipment does not deliver that information and has multiple Load Port with multiple Event:<ol><li>Connect any event output to Load Port Id;</li><li>Use the Converter \"Any to Constant\" to send a value of Type Integer and Value corresponding to the Load Port;</li></ol></li></ol></li><li>Pass any event Output to the Activate Input of the Workflow;</li></ol>",
					"color": "#ffffa5"
				}
			]
		},
		"drawers": {
			"DIAGRAM": {
				"tasks": {
					"task_158178": {
						"collapsed": false,
						"position": {
							"x": 1053,
							"y": 253
						},
						"outdated": false
					},
					"task_158180": {
						"collapsed": false,
						"position": {
							"x": 502,
							"y": 250
						},
						"outdated": false
					}
				},
				"links": {},
				"notes": {
					"note_158182": {
						"collapsed": false,
						"position": {
							"x": 1529,
							"y": 110
						}
					}
				}
			}
		}
	}
}