{
	"tasks": [
		{
			"id": "task_78548",
			"reference": {
				"name": "subWorkflowStart",
				"package": {
					"name": "@criticalmanufacturing/connect-iot-controller-engine-core-tasks",
					"version": "8.3.3-202201212"
				}
			},
			"settings": {
				"outputs": [
					{
						"name": "MaterialData",
						"valueType": {
							"type": 10,
							"collectionType": 0,
							"referenceType": null,
							"referenceTypeName": null,
							"referenceTypeId": null,
							"friendlyName": "MaterialData"
						}
					},
					{
						"name": "DeleteRecipe",
						"valueType": {
							"friendlyName": "DeleteRecipe",
							"type": 3,
							"collectionType": 0,
							"referenceType": null,
							"referenceTypeName": null,
							"referenceTypeId": null
						}
					}
				],
				"___cmf___name": "Start"
			}
		},
		{
			"id": "task_78624",
			"reference": {
				"name": "subWorkflowEnd",
				"package": {
					"name": "@criticalmanufacturing/connect-iot-controller-engine-core-tasks",
					"version": "8.3.3-202201212"
				}
			},
			"settings": {
				"inputs": [
					{
						"name": "MaterialData",
						"valueType": {
							"friendlyName": "MaterialData",
							"type": 10,
							"collectionType": 0,
							"referenceType": null,
							"referenceTypeName": null,
							"referenceTypeId": null
						}
					}
				],
				"___cmf___name": "End"
			}
		},
		{
			"id": "task_78736",
			"reference": {
				"name": "recipeStructureIterator",
				"package": {
					"name": "@criticalmanufacturing/connect-iot-custom-utilities-amsosram-tasks",
					"version": "1.0.0"
				}
			},
			"settings": {}
		},
		{
			"id": "task_106857",
			"reference": {
				"name": "workflow",
				"package": {
					"name": "@criticalmanufacturing/connect-iot-controller-engine-core-tasks",
					"version": "8.3.3-202201212"
				}
			},
			"settings": {
				"automationWorkflow": {
					"DisplayName": "ValidateRecipeExists",
					"IsShared": true,
					"Name": "ValidateRecipeExists"
				},
				"executeWhenAllInputsDefined": false,
				"contextsExpirationInMilliseconds": 60000,
				"executionExpirationInMilliseconds": 1200000,
				"inputs": [
					{
						"name": "MaterialData",
						"valueType": {
							"type": 10,
							"collectionType": 0,
							"referenceType": null,
							"referenceTypeName": null,
							"referenceTypeId": null,
							"friendlyName": "MaterialData"
						}
					},
					{
						"name": "RecipeName",
						"valueType": {
							"type": 4,
							"collectionType": 0,
							"referenceType": null,
							"referenceTypeName": null,
							"referenceTypeId": null,
							"friendlyName": ""
						}
					},
					{
						"name": "RecipeNameOnEquipment",
						"valueType": {
							"type": 4,
							"collectionType": 0,
							"referenceType": null,
							"referenceTypeName": null,
							"referenceTypeId": null,
							"friendlyName": "RecipeNameOnEquipment"
						}
					},
					{
						"name": "RecipeChecksum",
						"valueType": {
							"type": 4,
							"collectionType": 0,
							"referenceType": null,
							"referenceTypeName": null,
							"referenceTypeId": null,
							"friendlyName": ""
						}
					},
					{
						"name": "RecipeList",
						"valueType": {
							"type": 10,
							"collectionType": 0,
							"referenceType": null,
							"referenceTypeName": null,
							"referenceTypeId": null,
							"friendlyName": "RecipeList"
						}
					}
				],
				"outputs": [
					{
						"name": "MaterialData",
						"valueType": {
							"friendlyName": "MaterialData",
							"type": 10,
							"collectionType": 0,
							"referenceType": null,
							"referenceTypeName": null,
							"referenceTypeId": null
						}
					},
					{
						"name": "RecipeName",
						"valueType": {
							"friendlyName": "RecipeName",
							"type": 4,
							"collectionType": 0,
							"referenceType": null,
							"referenceTypeName": null,
							"referenceTypeId": null
						}
					},
					{
						"name": "RecipeNameOnEquipment",
						"valueType": {
							"friendlyName": "RecipeNameOnEquipment",
							"type": 4,
							"collectionType": 0,
							"referenceType": null,
							"referenceTypeName": null,
							"referenceTypeId": null
						}
					},
					{
						"name": "RecipeChecksum",
						"valueType": {
							"friendlyName": "RecipeChecksum",
							"type": 4,
							"collectionType": 0,
							"referenceType": null,
							"referenceTypeName": null,
							"referenceTypeId": null
						}
					},
					{
						"name": "RecipeExists",
						"valueType": {
							"type": 3,
							"collectionType": 0,
							"referenceType": null,
							"referenceTypeName": null,
							"referenceTypeId": null,
							"friendlyName": "RecipeExists"
						}
					},
					{
						"name": "RecipeDoesNotExistDownloadIsAllowed",
						"valueType": {
							"type": 3,
							"collectionType": 0,
							"referenceType": null,
							"referenceTypeName": null,
							"referenceTypeId": null,
							"friendlyName": "RecipeDoesNotExistDownloadIsAllowed"
						}
					}
				],
				"___cmf___name": "Validate Recipe Exists Workflow"
			}
		},
		{
			"id": "task_106859",
			"reference": {
				"name": "listRecipes",
				"package": {
					"name": "@criticalmanufacturing/connect-iot-controller-engine-secsgem-tasks",
					"version": "8.3.3-202201212"
				}
			},
			"settings": {
				"primaryRequestMessage": "{}",
				"streamFunctionName": "S7F19",
				"recipeListPath": "/",
				"___cmf___name": "List Recipes (S7F19)",
				"___cmf___color": "#ffff80"
			},
			"driver": "SecsGemEquipment"
		},
		{
			"id": "task_159928",
			"reference": {
				"name": "workflow",
				"package": {
					"name": "@criticalmanufacturing/connect-iot-controller-engine-core-tasks",
					"version": "8.3.3-202201212"
				}
			},
			"settings": {
				"automationWorkflow": {
					"DisplayName": "ErrorHandling",
					"IsShared": true,
					"Name": "ErrorHandling"
				},
				"executeWhenAllInputsDefined": false,
				"contextsExpirationInMilliseconds": 60000,
				"executionExpirationInMilliseconds": 1200000,
				"inputs": [
					{
						"name": "Error",
						"valueType": {
							"type": 10,
							"collectionType": 0,
							"referenceType": null,
							"referenceTypeName": null,
							"referenceTypeId": null,
							"friendlyName": ""
						}
					},
					{
						"name": "ErrorCode",
						"valueType": {
							"type": 4,
							"collectionType": 0,
							"referenceType": null,
							"referenceTypeName": null,
							"referenceTypeId": null,
							"friendlyName": ""
						}
					},
					{
						"name": "ErrorText",
						"valueType": {
							"type": 4,
							"collectionType": 0,
							"referenceType": null,
							"referenceTypeName": null,
							"referenceTypeId": null,
							"friendlyName": ""
						}
					},
					{
						"name": "ResourceName",
						"valueType": {
							"type": 4,
							"collectionType": 0,
							"referenceType": null,
							"referenceTypeName": null,
							"referenceTypeId": null,
							"friendlyName": ""
						}
					}
				],
				"outputs": [
					{
						"name": "Error",
						"valueType": {
							"friendlyName": "Error",
							"type": 10,
							"collectionType": 0,
							"referenceType": null,
							"referenceTypeName": null,
							"referenceTypeId": null
						}
					}
				],
				"___cmf___name": "Workflow",
				"___cmf___color": "#ff0000"
			}
		},
		{
			"id": "task_215142",
			"reference": {
				"name": "workflow",
				"package": {
					"name": "@criticalmanufacturing/connect-iot-controller-engine-core-tasks",
					"version": "8.3.3-202201212"
				}
			},
			"settings": {
				"automationWorkflow": {
					"DisplayName": "ValidateRecipeBody",
					"IsShared": true,
					"Name": "ValidateRecipeBody"
				},
				"executeWhenAllInputsDefined": false,
				"contextsExpirationInMilliseconds": 60000,
				"executionExpirationInMilliseconds": 1200000,
				"inputs": [
					{
						"name": "MaterialData",
						"valueType": {
							"friendlyName": "MaterialData",
							"type": 10,
							"collectionType": 0,
							"referenceType": null,
							"referenceTypeName": null,
							"referenceTypeId": null
						}
					},
					{
						"name": "RecipeName",
						"valueType": {
							"type": 4,
							"collectionType": 0,
							"referenceType": null,
							"referenceTypeName": null,
							"referenceTypeId": null,
							"friendlyName": ""
						}
					},
					{
						"name": "RecipeNameOnEquipment",
						"valueType": {
							"friendlyName": "RecipeNameOnEquipment",
							"type": 4,
							"collectionType": 0,
							"referenceType": null,
							"referenceTypeName": null,
							"referenceTypeId": null
						}
					},
					{
						"name": "RecipeChecksum",
						"valueType": {
							"type": 4,
							"collectionType": 0,
							"referenceType": null,
							"referenceTypeName": null,
							"referenceTypeId": null,
							"friendlyName": ""
						}
					},
					{
						"name": "RecipeBody",
						"valueType": {
							"type": null,
							"collectionType": 0,
							"referenceType": null,
							"referenceTypeName": null,
							"referenceTypeId": null,
							"friendlyName": "RecipeBody"
						}
					}
				],
				"outputs": [
					{
						"name": "RecipeBodyChecksumMatch",
						"valueType": {
							"type": 3,
							"collectionType": 0,
							"referenceType": null,
							"referenceTypeName": null,
							"referenceTypeId": null,
							"friendlyName": ""
						}
					},
					{
						"name": "MaterialData",
						"valueType": {
							"friendlyName": "MaterialData",
							"type": 10,
							"collectionType": 0,
							"referenceType": null,
							"referenceTypeName": null,
							"referenceTypeId": null
						}
					},
					{
						"name": "RecipeName",
						"valueType": {
							"friendlyName": "RecipeName",
							"type": 4,
							"collectionType": 0,
							"referenceType": null,
							"referenceTypeName": null,
							"referenceTypeId": null
						}
					},
					{
						"name": "RecipeNameOnEquipment",
						"valueType": {
							"friendlyName": "RecipeNameOnEquipment",
							"type": 4,
							"collectionType": 0,
							"referenceType": null,
							"referenceTypeName": null,
							"referenceTypeId": null
						}
					},
					{
						"name": "RecipeBodyChecksumDoesNotMatchDownloadAllowed",
						"valueType": {
							"type": 3,
							"collectionType": 0,
							"referenceType": null,
							"referenceTypeName": null,
							"referenceTypeId": null,
							"friendlyName": ""
						}
					}
				],
				"___cmf___name": "Validate Recipe Body Workflow"
			}
		},
		{
			"id": "task_225270",
			"reference": {
				"name": "workflow",
				"package": {
					"name": "@criticalmanufacturing/connect-iot-controller-engine-core-tasks",
					"version": "8.3.3-202201212"
				}
			},
			"settings": {
				"automationWorkflow": {
					"DisplayName": "GetRecipeBody",
					"IsShared": true,
					"Name": "GetRecipeBody"
				},
				"executeWhenAllInputsDefined": false,
				"contextsExpirationInMilliseconds": 60000,
				"executionExpirationInMilliseconds": 1200000,
				"inputs": [
					{
						"name": "MaterialData",
						"valueType": {
							"type": 10,
							"collectionType": 0,
							"referenceType": null,
							"referenceTypeName": null,
							"referenceTypeId": null,
							"friendlyName": ""
						}
					},
					{
						"name": "RecipeName",
						"valueType": {
							"friendlyName": "RecipeName",
							"type": null,
							"collectionType": 0,
							"referenceType": null,
							"referenceTypeName": null,
							"referenceTypeId": null
						}
					},
					{
						"name": "DeleteRecipe",
						"valueType": {
							"type": 3,
							"collectionType": 0,
							"referenceType": null,
							"referenceTypeName": null,
							"referenceTypeId": null,
							"friendlyName": ""
						}
					}
				],
				"outputs": [
					{
						"name": "RecipeNameOnEquipment",
						"valueType": {
							"friendlyName": "RecipeNameOnEquipment",
							"type": null,
							"collectionType": 0,
							"referenceType": null,
							"referenceTypeName": null,
							"referenceTypeId": null
						}
					},
					{
						"name": "RecipeBody",
						"valueType": {
							"friendlyName": "RecipeBody",
							"type": null,
							"collectionType": 0,
							"referenceType": null,
							"referenceTypeName": null,
							"referenceTypeId": null
						}
					},
					{
						"name": "DownloadRecipe",
						"valueType": {
							"type": 3,
							"collectionType": 0,
							"referenceType": null,
							"referenceTypeName": null,
							"referenceTypeId": null,
							"friendlyName": ""
						}
					},
					{
						"name": "DeleteAndDownloadRecipe",
						"valueType": {
							"type": 3,
							"collectionType": 0,
							"referenceType": null,
							"referenceTypeName": null,
							"referenceTypeId": null,
							"friendlyName": ""
						}
					},
					{
						"name": "MaterialData",
						"valueType": {
							"friendlyName": "MaterialData",
							"type": 10,
							"collectionType": 0,
							"referenceType": null,
							"referenceTypeName": null,
							"referenceTypeId": null
						}
					}
				],
				"___cmf___name": "Get Recipe Body Workflow"
			}
		},
		{
			"id": "task_18386",
			"reference": {
				"name": "deleteRecipe",
				"package": {
					"name": "@criticalmanufacturing/connect-iot-controller-engine-secsgem-tasks",
					"version": "8.3.3-202201212"
				}
			},
			"settings": {
				"primaryRequestMessage": "{\"type\":\"L\",\"value\":[{\"type\":\"A\",\"name\":\"PPID\",\"value\":\"\"}]}",
				"streamFunctionName": "S7F17",
				"recipeNamePrimaryPath": "/[1]",
				"replyPath": "/",
				"successCodes": "0x00",
				"___cmf___name": "Delete Recipe (S7F17)",
				"___cmf___color": "#ffff80"
			},
			"driver": "SecsGemEquipment"
		},
		{
			"id": "task_26000",
			"reference": {
				"name": "customGetFormattedRecipe",
				"package": {
					"name": "@criticalmanufacturing/connect-iot-custom-utilities-amsosram-tasks",
					"version": "1.0.0"
				}
			},
			"settings": {
				"primaryRequestMessage": "{\"type\":\"A\",\"name\":\"PPID\",\"value\":\"\"}",
				"streamFunctionName": "S7F25",
				"recipeNamePrimaryPath": "/",
				"recipeNameSecondaryPath": "/[1]",
				"recipeBodyPath": "/[4]",
				"recipeBodyType": "String"
			},
			"driver": "SecsGemEquipment"
		},
		{
			"id": "task_29441",
			"reference": {
				"name": "customSetFormattedRecipe",
				"package": {
					"name": "@criticalmanufacturing/connect-iot-custom-utilities-amsosram-tasks",
					"version": "1.0.0"
				}
			},
			"settings": {
				"primaryRequestMessage": "{\"type\":\"L\",\"value\":[{\"type\":\"A\",\"name\":\"PPID\",\"value\":\"\"},{\"type\":\"A\",\"name\":\"MDLN\",\"value\":\"\"},{\"type\":\"A\",\"name\":\"SOFTREV\",\"value\":\"\"},{\"type\":\"L\",\"value\":\"\"}]}",
				"streamFunctionName": "S7F23",
				"recipeNamePrimaryPath": "/[1]",
				"modelNamePrimaryPath": "/[2]",
				"softwareRevisionPrimaryPath": "/[3]",
				"recipeParameterListPrimaryPath": "/[4]",
				"replyPath": "/",
				"successCodes": "0x00",
				"___cmf___name": "Set Formatted Recipe (S7F23)",
				"isBase64Encoded": true
			},
			"driver": "SecsGemEquipment"
		}
	],
	"converters": [
		{
			"id": "@criticalmanufacturing/connect-iot-controller-engine-core-tasks#anyToConstant",
			"reference": {
				"name": "anyToConstant",
				"package": {
					"name": "@criticalmanufacturing/connect-iot-controller-engine-core-tasks",
					"version": "8.3.3-202201212"
				}
			}
		}
	],
	"links": [
		{
			"id": "73ae1058-aae1-45c9-aaed-eb9e6ffae194",
			"sourceId": "task_78548",
			"targetId": "task_78736",
			"inputName": "materialData",
			"outputName": "MaterialDataOut"
		},
		{
			"id": "7aed996c-e662-4c92-8267-db348999a676",
			"sourceId": "task_78548",
			"targetId": "task_78736",
			"inputName": "activate",
			"outputName": "MaterialDataOut"
		},
		{
			"id": "task_106859_recipeList-task_106857_RecipeListIn",
			"sourceId": "task_106859",
			"targetId": "task_106857",
			"inputName": "RecipeListIn",
			"outputName": "recipeList",
			"converters": []
		},
		{
			"id": "task_106859_success-task_106857_activate",
			"sourceId": "task_106859",
			"targetId": "task_106857",
			"inputName": "activate",
			"outputName": "success",
			"converters": []
		},
		{
			"id": "e93d1750-0ace-46e9-b5d7-1e068644c068",
			"sourceId": "task_78736",
			"targetId": "task_106859",
			"inputName": "activate",
			"outputName": "ppid"
		},
		{
			"id": "413af084-bc41-4dd8-8a91-d1094364ebe7",
			"sourceId": "task_78736",
			"targetId": "task_106857",
			"inputName": "RecipeNameOnEquipmentIn",
			"outputName": "ppid"
		},
		{
			"id": "022f6f5b-738f-414e-8eac-55eb4fc49c45",
			"sourceId": "task_78548",
			"targetId": "task_106857",
			"inputName": "MaterialDataIn",
			"outputName": "MaterialDataOut"
		},
		{
			"id": "fe3938ce-e9de-4ec1-98d4-ae21bceb3eed",
			"sourceId": "task_78736",
			"targetId": "task_159928",
			"inputName": "ErrorIn",
			"outputName": "Error"
		},
		{
			"id": "7456f567-de9e-4c70-85c0-c87fa644856d",
			"sourceId": "task_78736",
			"targetId": "task_159928",
			"inputName": "activate",
			"outputName": "Error"
		},
		{
			"id": "d39579b7-d21e-4bc7-88ec-e5de76399e98",
			"sourceId": "task_106857",
			"targetId": "task_215142",
			"inputName": "MaterialDataIn",
			"outputName": "MaterialDataOut"
		},
		{
			"id": "1fa419b2-8d6e-4fa8-8025-31c89643f9fa",
			"sourceId": "task_106857",
			"targetId": "task_215142",
			"inputName": "RecipeNameOnEquipmentIn",
			"outputName": "RecipeNameOnEquipmentOut"
		},
		{
			"id": "627c95b4-430d-49bc-8b71-d93d6ebceff1",
			"sourceId": "task_78736",
			"targetId": "task_78624",
			"inputName": "success",
			"outputName": "recipeTreeEnd"
		},
		{
			"id": "1bbd296a-dd07-4002-9d0a-b38513a0b764",
			"sourceId": "task_215142",
			"targetId": "task_225270",
			"inputName": "MaterialDataIn",
			"outputName": "MaterialDataOut"
		},
		{
			"id": "7be208d7-ad66-4a40-8432-3440d8df2d1b",
			"sourceId": "task_215142",
			"targetId": "task_225270",
			"inputName": "activate",
			"outputName": "RecipeBodyChecksumDoesNotMatchDownloadAllowedOut"
		},
		{
			"id": "835919b2-322a-4849-8356-478ad47ee09f",
			"sourceId": "task_106857",
			"targetId": "task_225270",
			"inputName": "activate",
			"outputName": "RecipeDoesNotExistDownloadIsAllowedOut"
		},
		{
			"id": "240cb19d-21a4-4776-aecd-92e9f86998f7",
			"sourceId": "task_78736",
			"targetId": "task_106857",
			"inputName": "RecipeChecksumIn",
			"outputName": "checksum"
		},
		{
			"id": "08d378cf-b172-4789-80cd-a96d7ef1da9f",
			"sourceId": "task_78736",
			"targetId": "task_106857",
			"inputName": "RecipeNameIn",
			"outputName": "recipeName"
		},
		{
			"id": "fe2f0879-eae8-4b55-a632-f259ef0572ce",
			"sourceId": "task_106857",
			"targetId": "task_215142",
			"inputName": "RecipeChecksumIn",
			"outputName": "RecipeChecksumOut"
		},
		{
			"id": "dd5232e9-5dc7-4c2b-814f-748930b91cdc",
			"sourceId": "task_106857",
			"targetId": "task_215142",
			"inputName": "RecipeNameIn",
			"outputName": "RecipeNameOut"
		},
		{
			"id": "2fee9463-626b-47ab-983c-9645179db983",
			"sourceId": "task_215142",
			"targetId": "task_225270",
			"inputName": "RecipeNameIn",
			"outputName": "RecipeNameOut"
		},
		{
			"id": "a411971e-ebe9-4dd5-9de3-e09c15c1f6ff",
			"sourceId": "task_215142",
			"targetId": "task_78736",
			"inputName": "activate",
			"outputName": "RecipeBodyChecksumMatchOut"
		},
		{
			"id": "899f1095-0a1f-4060-b64a-eb0c7064878a",
			"sourceId": "task_225270",
			"targetId": "task_18386",
			"inputName": "recipeName",
			"outputName": "RecipeNameOnEquipmentOut"
		},
		{
			"id": "56c63b55-a9cd-4e66-91d3-fedf178e4725",
			"sourceId": "task_225270",
			"targetId": "task_18386",
			"inputName": "activate",
			"outputName": "DeleteAndDownloadRecipeOut"
		},
		{
			"id": "162b2e64-716d-4349-8edf-a710172e5be5",
			"sourceId": "task_18386",
			"targetId": "task_159928",
			"inputName": "activate",
			"outputName": "error"
		},
		{
			"id": "321cb72a-aabf-4143-8266-f2b9ca61edf8",
			"sourceId": "task_18386",
			"targetId": "task_159928",
			"inputName": "ErrorIn",
			"outputName": "error"
		},
		{
			"id": "2cb94161-3c0a-4134-a969-8ad8bd4862e5",
			"sourceId": "task_225270",
			"targetId": "task_78624",
			"inputName": "error",
			"outputName": "error"
		},
		{
			"id": "47eab45f-7997-4996-b714-91bb6cc656b1",
			"sourceId": "task_215142",
			"targetId": "task_78624",
			"inputName": "error",
			"outputName": "error"
		},
		{
			"id": "356eae62-f2a6-48c8-aba1-a5932a18b49f",
			"sourceId": "task_106857",
			"targetId": "task_78624",
			"inputName": "error",
			"outputName": "error"
		},
		{
			"id": "ffefa136-2d0b-43bb-9402-53d3d990a25a",
			"sourceId": "task_106859",
			"targetId": "task_78624",
			"inputName": "error",
			"outputName": "error"
		},
		{
			"id": "4ca28e28-643d-4f3f-8f3f-20ace7ac3c2a",
			"sourceId": "task_159928",
			"targetId": "task_78624",
			"inputName": "error",
			"outputName": "ErrorOut"
		},
		{
			"id": "1aa9edd2-02d0-4e55-8db0-a7fa3671d462",
			"sourceId": "task_225270",
			"targetId": "task_78624",
			"inputName": "MaterialData",
			"outputName": "MaterialDataOut"
		},
		{
			"id": "28270ffd-f942-4cc8-81b5-335c2479f70e",
			"sourceId": "task_78548",
			"targetId": "task_225270",
			"inputName": "DeleteRecipeIn",
			"outputName": "DeleteRecipeOut"
		},
		{
			"id": "bdb4a24e-ce06-4ba6-82c8-d73960afaad2",
			"sourceId": "task_26000",
			"targetId": "task_215142",
			"inputName": "RecipeBodyIn",
			"outputName": "recipeParameterList"
		},
		{
			"id": "74fb5b45-97f2-4109-a76f-98482200310a",
			"sourceId": "task_26000",
			"targetId": "task_215142",
			"inputName": "activate",
			"outputName": "recipeParameterList"
		},
		{
			"id": "e8f9ee9d-f55c-41d4-950b-a0f712e19346",
			"sourceId": "task_106857",
			"targetId": "task_26000",
			"inputName": "recipeName",
			"outputName": "RecipeNameOnEquipmentOut"
		},
		{
			"id": "7f388e3c-ac06-4be0-9bb1-7f9eab0f85f1",
			"sourceId": "task_106857",
			"targetId": "task_26000",
			"inputName": "activate",
			"outputName": "RecipeExistsOut"
		},
		{
			"id": "56154d63-d349-4837-a152-da8289207187",
			"sourceId": "task_18386",
			"targetId": "task_29441",
			"inputName": "activate",
			"outputName": "success"
		},
		{
			"id": "cdc02ff8-1acf-4771-98b3-69faef4392c7",
			"sourceId": "task_225270",
			"targetId": "task_29441",
			"inputName": "recipeName",
			"outputName": "RecipeNameOnEquipmentOut"
		},
		{
			"id": "631dcaba-45f0-4019-bdfe-d61e1140fbb2",
			"sourceId": "task_225270",
			"targetId": "task_29441",
			"inputName": "recipeParameterList",
			"outputName": "RecipeBodyOut"
		},
		{
			"id": "283d5ce9-26c8-4abf-9720-28c25627b76c",
			"sourceId": "task_29441",
			"targetId": "task_78736",
			"inputName": "activate",
			"outputName": "success"
		},
		{
			"id": "49b38040-c79e-4c50-9e0d-ff468ba104ec",
			"sourceId": "task_225270",
			"targetId": "task_29441",
			"inputName": "modelName",
			"outputName": "RecipeNameOnEquipmentOut",
			"converters": [
				{
					"id": "@criticalmanufacturing/connect-iot-controller-engine-core-tasks#anyToConstant",
					"params": {
						"type": 4,
						"value": "ModelPlaceHolder"
					}
				}
			]
		},
		{
			"id": "7cb6d690-a478-4bc9-ba81-cb98fea210ce",
			"sourceId": "task_225270",
			"targetId": "task_29441",
			"inputName": "softwareRevision",
			"outputName": "RecipeNameOnEquipmentOut",
			"converters": [
				{
					"id": "@criticalmanufacturing/connect-iot-controller-engine-core-tasks#anyToConstant",
					"params": {
						"type": 4,
						"value": "SoftwareRevisionPlaceHolder"
					}
				}
			]
		}
	],
	"layout": {
		"general": {
			"color": "#ffff80",
			"notes": [
				{
					"id": "note_34050",
					"name": "Needed Customization",
					"value": "<p><strong>What it does:</strong></p><p>Formatted Recipe Input.</p><p><strong>How to use it:</strong></p><ol><li>Change Converters going to Inputs of the Formatted Download Task to the correct Model and Software Revision of the tool</li></ol><ol><p></p></ol>",
					"color": "#ffffa5"
				}
			]
		},
		"drawers": {
			"DIAGRAM": {
				"tasks": {
					"task_78624": {
						"collapsed": false,
						"position": {
							"x": 6037,
							"y": 1020
						},
						"outdated": false
					},
					"task_78548": {
						"collapsed": false,
						"position": {
							"x": 156,
							"y": 390
						},
						"outdated": false
					},
					"task_78736": {
						"collapsed": false,
						"position": {
							"x": 827,
							"y": 611
						},
						"outdated": false
					},
					"task_106857": {
						"collapsed": false,
						"position": {
							"x": 1772,
							"y": 275
						},
						"outdated": false
					},
					"task_106859": {
						"collapsed": false,
						"position": {
							"x": 1317,
							"y": 802
						},
						"outdated": false
					},
					"task_159928": {
						"collapsed": true,
						"position": {
							"x": 5603,
							"y": 1307
						},
						"outdated": false
					},
					"task_215142": {
						"collapsed": false,
						"position": {
							"x": 2892,
							"y": 210
						},
						"outdated": false
					},
					"task_225270": {
						"collapsed": false,
						"position": {
							"x": 3595,
							"y": 281
						},
						"outdated": false
					},
					"task_18386": {
						"collapsed": false,
						"position": {
							"x": 4406,
							"y": 450
						},
						"outdated": false
					},
					"task_26000": {
						"collapsed": false,
						"position": {
							"x": 2359,
							"y": 777
						},
						"outdated": false
					},
					"task_29441": {
						"collapsed": false,
						"position": {
							"x": 4925,
							"y": 110
						},
						"outdated": false
					}
				},
				"links": {
					"73ae1058-aae1-45c9-aaed-eb9e6ffae194": {
						"vertices": []
					},
					"7aed996c-e662-4c92-8267-db348999a676": {
						"vertices": []
					},
					"task_106859_recipeList-task_106857_RecipeListIn": {
						"vertices": []
					},
					"task_106859_success-task_106857_activate": {
						"vertices": []
					},
					"e93d1750-0ace-46e9-b5d7-1e068644c068": {
						"vertices": []
					},
					"413af084-bc41-4dd8-8a91-d1094364ebe7": {
						"vertices": []
					},
					"022f6f5b-738f-414e-8eac-55eb4fc49c45": {
						"vertices": []
					},
					"fe3938ce-e9de-4ec1-98d4-ae21bceb3eed": {
						"vertices": []
					},
					"7456f567-de9e-4c70-85c0-c87fa644856d": {
						"vertices": []
					},
					"d39579b7-d21e-4bc7-88ec-e5de76399e98": {
						"vertices": []
					},
					"1fa419b2-8d6e-4fa8-8025-31c89643f9fa": {
						"vertices": []
					},
					"627c95b4-430d-49bc-8b71-d93d6ebceff1": {
						"vertices": []
					},
					"1bbd296a-dd07-4002-9d0a-b38513a0b764": {
						"vertices": []
					},
					"7be208d7-ad66-4a40-8432-3440d8df2d1b": {
						"vertices": []
					},
					"835919b2-322a-4849-8356-478ad47ee09f": {
						"vertices": []
					},
					"240cb19d-21a4-4776-aecd-92e9f86998f7": {
						"vertices": []
					},
					"08d378cf-b172-4789-80cd-a96d7ef1da9f": {
						"vertices": []
					},
					"fe2f0879-eae8-4b55-a632-f259ef0572ce": {
						"vertices": []
					},
					"dd5232e9-5dc7-4c2b-814f-748930b91cdc": {
						"vertices": []
					},
					"2fee9463-626b-47ab-983c-9645179db983": {
						"vertices": []
					},
					"a411971e-ebe9-4dd5-9de3-e09c15c1f6ff": {
						"vertices": [
							{
								"x": 3002,
								"y": 175
							},
							{
								"x": 171,
								"y": 283
							}
						]
					},
					"899f1095-0a1f-4060-b64a-eb0c7064878a": {
						"vertices": []
					},
					"56c63b55-a9cd-4e66-91d3-fedf178e4725": {
						"vertices": []
					},
					"162b2e64-716d-4349-8edf-a710172e5be5": {
						"vertices": []
					},
					"321cb72a-aabf-4143-8266-f2b9ca61edf8": {
						"vertices": []
					},
					"2cb94161-3c0a-4134-a969-8ad8bd4862e5": {
						"vertices": []
					},
					"47eab45f-7997-4996-b714-91bb6cc656b1": {
						"vertices": [
							{
								"x": 3875,
								"y": 816
							}
						]
					},
					"356eae62-f2a6-48c8-aba1-a5932a18b49f": {
						"vertices": []
					},
					"ffefa136-2d0b-43bb-9402-53d3d990a25a": {
						"vertices": []
					},
					"4ca28e28-643d-4f3f-8f3f-20ace7ac3c2a": {
						"vertices": []
					},
					"1aa9edd2-02d0-4e55-8db0-a7fa3671d462": {
						"vertices": []
					},
					"28270ffd-f942-4cc8-81b5-335c2479f70e": {
						"vertices": []
					},
					"bdb4a24e-ce06-4ba6-82c8-d73960afaad2": {
						"vertices": []
					},
					"74fb5b45-97f2-4109-a76f-98482200310a": {
						"vertices": []
					},
					"e8f9ee9d-f55c-41d4-950b-a0f712e19346": {
						"vertices": []
					},
					"7f388e3c-ac06-4be0-9bb1-7f9eab0f85f1": {
						"vertices": []
					},
					"56154d63-d349-4837-a152-da8289207187": {
						"vertices": []
					},
					"cdc02ff8-1acf-4771-98b3-69faef4392c7": {
						"vertices": []
					},
					"631dcaba-45f0-4019-bdfe-d61e1140fbb2": {
						"vertices": []
					},
					"283d5ce9-26c8-4abf-9720-28c25627b76c": {
						"vertices": [
							{
								"x": 5264,
								"y": 52
							},
							{
								"x": 384,
								"y": 188
							}
						]
					},
					"49b38040-c79e-4c50-9e0d-ff468ba104ec": {
						"vertices": []
					},
					"7cb6d690-a478-4bc9-ba81-cb98fea210ce": {
						"vertices": []
					}
				},
				"notes": {
					"note_34050": {
						"collapsed": false,
						"position": {
							"x": 4249,
							"y": 37
						}
					}
				},
				"pan": {
					"x": 194,
					"y": 0
				},
				"zoom": 0.25
			}
		}
	}
}