{
	"tasks": [
		{
			"id": "task_1796",
			"reference": {
				"name": "systemActionGroupEvent",
				"package": {
					"name": "@criticalmanufacturing/connect-iot-controller-engine-core-tasks",
					"version": "8.3.3-202201212"
				}
			},
			"settings": {
				"replyTimeout": 60000,
				"___cmf___name": "On System Event",
				"actionGroup": "TrackIn",
				"___cmf___color": "#0080ff"
			}
		},
		{
			"id": "task_1677",
			"reference": {
				"name": "storeMaterialObject",
				"package": {
					"name": "@criticalmanufacturing/connect-iot-custom-utilities-amsosram-tasks",
					"version": "1.0.0"
				}
			},
			"settings": {
				"___cmf___name": "Store Material Object",
				"___cmf___color": "#00ff80"
			},
			"driver": "SecsGemEquipment"
		},
		{
			"id": "task_70871",
			"reference": {
				"name": "getEquipmentProperties",
				"package": {
					"name": "@criticalmanufacturing/connect-iot-controller-engine-core-tasks",
					"version": "8.3.3-202201212"
				}
			},
			"settings": {
				"_outputs": [],
				"___cmf___name": "Get Equipment Properties Values",
				"___cmf___color": "#ffff80"
			},
			"driver": "SecsGemEquipment"
		},
		{
			"id": "task_73090",
			"reference": {
				"name": "workflow",
				"package": {
					"name": "@criticalmanufacturing/connect-iot-controller-engine-core-tasks",
					"version": "8.3.3-202201212"
				}
			},
			"settings": {
				"automationWorkflow": {
					"DisplayName": "TrackInInitialValidation",
					"IsShared": true,
					"Name": "TrackInInitialValidation"
				},
				"executeWhenAllInputsDefined": false,
				"contextsExpirationInMilliseconds": 60000,
				"executionExpirationInMilliseconds": 1200000,
				"inputs": [
					{
						"name": "MaterialData",
						"valueType": {
							"type": 10,
							"collectionType": 0,
							"referenceType": null,
							"referenceTypeName": null,
							"referenceTypeId": null,
							"friendlyName": "MaterialData"
						}
					},
					{
						"name": "GemControlState",
						"valueType": {
							"type": 5,
							"collectionType": 0,
							"referenceType": null,
							"referenceTypeName": null,
							"referenceTypeId": null,
							"friendlyName": ""
						}
					},
					{
						"name": "CassettePresent",
						"valueType": {
							"type": 5,
							"collectionType": 0,
							"referenceType": null,
							"referenceTypeName": null,
							"referenceTypeId": null,
							"friendlyName": ""
						}
					},
					{
						"name": "DoNotValidateSlotMap",
						"valueType": {
							"type": 3,
							"collectionType": 0,
							"referenceType": null,
							"referenceTypeName": null,
							"referenceTypeId": null,
							"friendlyName": ""
						}
					},
					{
						"name": "DoNotValidateGemControlState",
						"valueType": {
							"type": 3,
							"collectionType": 0,
							"referenceType": null,
							"referenceTypeName": null,
							"referenceTypeId": null,
							"friendlyName": ""
						}
					},
					{
						"name": "DoNotValidateCassettePresent",
						"valueType": {
							"type": 3,
							"collectionType": 0,
							"referenceType": null,
							"referenceTypeName": null,
							"referenceTypeId": null,
							"friendlyName": ""
						}
					}
				],
				"outputs": [
					{
						"name": "MaterialData",
						"valueType": {
							"friendlyName": "MaterialData",
							"type": 10,
							"collectionType": 0,
							"referenceType": null,
							"referenceTypeName": null,
							"referenceTypeId": null
						}
					},
					{
						"name": "ContainerName",
						"valueType": {
							"friendlyName": "ContainerName",
							"type": 4,
							"collectionType": 0,
							"referenceType": null,
							"referenceTypeName": null,
							"referenceTypeId": null
						}
					},
					{
						"name": "LoadPortPosition",
						"valueType": {
							"friendlyName": "LoadPortPosition",
							"type": 5,
							"collectionType": 0,
							"referenceType": null,
							"referenceTypeName": null,
							"referenceTypeId": null
						}
					},
					{
						"name": "SorterJobInformation",
						"valueType": {
							"friendlyName": "SorterJobInformation",
							"type": 10,
							"collectionType": 0,
							"referenceType": null,
							"referenceTypeName": null,
							"referenceTypeId": null
						}
					},
					{
						"name": "MovementList",
						"valueType": {
							"friendlyName": "MovementList",
							"type": 10,
							"collectionType": 0,
							"referenceType": null,
							"referenceTypeName": null,
							"referenceTypeId": null
						}
					}
				],
				"___cmf___name": "Track In Initial Validation Workflow"
			}
		},
		{
			"id": "task_83813",
			"reference": {
				"name": "workflow",
				"package": {
					"name": "@criticalmanufacturing/connect-iot-controller-engine-core-tasks",
					"version": "8.3.3-202201212"
				}
			},
			"settings": {
				"automationWorkflow": {
					"DisplayName": "RecipeValidation_01_UnformattedRecipeMainFlow",
					"IsShared": false
				},
				"executeWhenAllInputsDefined": false,
				"contextsExpirationInMilliseconds": 60000,
				"executionExpirationInMilliseconds": 1200000,
				"inputs": [
					{
						"name": "MaterialData",
						"valueType": {
							"type": 10,
							"collectionType": 0,
							"referenceType": null,
							"referenceTypeName": null,
							"referenceTypeId": null,
							"friendlyName": "MaterialData"
						}
					},
					{
						"name": "DeleteRecipe",
						"valueType": {
							"friendlyName": "DeleteRecipe",
							"type": 3,
							"collectionType": 0,
							"referenceType": null,
							"referenceTypeName": null,
							"referenceTypeId": null
						}
					}
				],
				"outputs": [
					{
						"name": "MaterialData",
						"valueType": {
							"friendlyName": "MaterialData",
							"type": 10,
							"collectionType": 0,
							"referenceType": null,
							"referenceTypeName": null,
							"referenceTypeId": null
						}
					}
				],
				"___cmf___name": "Recipe Validation Workflow"
			}
		},
		{
			"id": "task_34616",
			"reference": {
				"name": "workflow",
				"package": {
					"name": "@criticalmanufacturing/connect-iot-controller-engine-core-tasks",
					"version": "8.3.3-202201212"
				}
			},
			"settings": {
				"automationWorkflow": {
					"DisplayName": "CreateProcessJob_01_CreateJob",
					"IsShared": false
				},
				"executeWhenAllInputsDefined": false,
				"contextsExpirationInMilliseconds": 60000,
				"executionExpirationInMilliseconds": 1200000,
				"inputs": [
					{
						"name": "MaterialData",
						"valueType": {
							"type": 10,
							"collectionType": 0,
							"referenceType": null,
							"referenceTypeName": null,
							"referenceTypeId": null,
							"friendlyName": ""
						}
					}
				],
				"outputs": [
					{
						"name": "MaterialData",
						"valueType": {
							"friendlyName": "MaterialData",
							"type": 10,
							"collectionType": 0,
							"referenceType": null,
							"referenceTypeName": null,
							"referenceTypeId": null
						}
					}
				],
				"___cmf___name": "Execute Create Process Job"
			}
		},
		{
			"id": "task_14256",
			"reference": {
				"name": "workflow",
				"package": {
					"name": "@criticalmanufacturing/connect-iot-controller-engine-core-tasks",
					"version": "8.3.3-202201212"
				}
			},
			"settings": {
				"automationWorkflow": {
					"DisplayName": "CreateControlJob_01_CreateJob",
					"IsShared": false
				},
				"executeWhenAllInputsDefined": false,
				"contextsExpirationInMilliseconds": 60000,
				"executionExpirationInMilliseconds": 1200000,
				"inputs": [
					{
						"name": "MaterialData",
						"valueType": {
							"type": 10,
							"collectionType": 0,
							"referenceType": null,
							"referenceTypeName": null,
							"referenceTypeId": null,
							"friendlyName": ""
						}
					}
				],
				"outputs": [
					{
						"name": "MaterialData",
						"valueType": {
							"friendlyName": "MaterialData",
							"type": 10,
							"collectionType": 0,
							"referenceType": null,
							"referenceTypeName": null,
							"referenceTypeId": null
						}
					}
				],
				"___cmf___name": "Create Control Job"
			}
		}
	],
	"converters": [
		{
			"id": "@criticalmanufacturing/connect-iot-controller-engine-core-tasks#anyToAny",
			"reference": {
				"name": "anyToAny",
				"package": {
					"name": "@criticalmanufacturing/connect-iot-controller-engine-core-tasks",
					"version": "8.3.3-202201212"
				}
			}
		},
		{
			"id": "@criticalmanufacturing/connect-iot-controller-engine-core-tasks#objectProperty",
			"reference": {
				"name": "objectProperty",
				"package": {
					"name": "@criticalmanufacturing/connect-iot-controller-engine-core-tasks",
					"version": "8.3.3-202201212"
				}
			}
		}
	],
	"links": [
		{
			"id": "cc8ce25c-4960-4556-84a0-86daf88a8e99",
			"sourceId": "task_1677",
			"targetId": "task_1796",
			"inputName": "reply",
			"outputName": "success",
			"converters": [
				{
					"id": "@criticalmanufacturing/connect-iot-controller-engine-core-tasks#anyToAny",
					"params": {}
				}
			]
		},
		{
			"id": "251493f1-4d91-4125-a606-d40d8e6ac3eb",
			"sourceId": "task_1796",
			"targetId": "task_73090",
			"inputName": "MaterialDataIn",
			"outputName": "data"
		},
		{
			"id": "1a002a2c-a298-45aa-8663-f88bbfe8cbea",
			"sourceId": "task_70871",
			"targetId": "task_73090",
			"inputName": "activate",
			"outputName": "success"
		},
		{
			"id": "19cb355b-8e2a-4b26-8d6b-00849bbd8517",
			"sourceId": "task_73090",
			"targetId": "task_1796",
			"inputName": "reply",
			"outputName": "error"
		},
		{
			"id": "03818fd8-aca1-4d0a-8f68-f241c5160ca1",
			"sourceId": "task_73090",
			"targetId": "task_83813",
			"inputName": "MaterialDataIn",
			"outputName": "MaterialDataOut"
		},
		{
			"id": "85e19b85-fbe6-481e-be0e-aa151ae6b852",
			"sourceId": "task_83813",
			"targetId": "task_1796",
			"inputName": "reply",
			"outputName": "error"
		},
		{
			"id": "66f9b9ef-32eb-4d03-959f-7582351d1b53",
			"sourceId": "task_1796",
			"targetId": "task_70871",
			"inputName": "activate",
			"outputName": "data"
		},
		{
			"id": "5d35aa28-ad8d-41ea-a554-28a9cf33aff1",
			"sourceId": "task_73090",
			"targetId": "task_83813",
			"inputName": "activate",
			"outputName": "success"
		},
		{
			"id": "988fa7e7-cd09-4307-81d7-14809c907b57",
			"sourceId": "task_83813",
			"targetId": "task_34616",
			"inputName": "activate",
			"outputName": "success"
		},
		{
			"id": "f5e66a95-b9f5-444a-8441-26737bb53dca",
			"sourceId": "task_34616",
			"targetId": "task_1796",
			"inputName": "reply",
			"outputName": "error"
		},
		{
			"id": "c5cf3d3d-2dbd-4f42-bcac-be1eaaabee07",
			"sourceId": "task_34616",
			"targetId": "task_14256",
			"inputName": "MaterialDataIn",
			"outputName": "MaterialDataOut"
		},
		{
			"id": "2d8c8675-e9f7-4c24-ad7e-9b7205721ec9",
			"sourceId": "task_83813",
			"targetId": "task_34616",
			"inputName": "MaterialDataIn",
			"outputName": "MaterialDataOut"
		},
		{
			"id": "bc149e91-e19b-4b9e-a548-5d6e1bbb0a20",
			"sourceId": "task_34616",
			"targetId": "task_14256",
			"inputName": "activate",
			"outputName": "success"
		},
		{
			"id": "64ff0088-8835-4f08-8f7f-8122cd295e03",
			"sourceId": "task_14256",
			"targetId": "task_1677",
			"inputName": "materialObject",
			"outputName": "MaterialDataOut"
		},
		{
			"id": "8cf5dc88-a3e7-436d-a1cc-8336539eb451",
			"sourceId": "task_14256",
			"targetId": "task_1677",
			"inputName": "activate",
			"outputName": "success"
		},
		{
			"id": "ac554eb7-9539-4398-af90-c9370580b4db",
			"sourceId": "task_14256",
			"targetId": "task_1796",
			"inputName": "reply",
			"outputName": "error"
		}
	],
	"layout": {
		"general": {
			"color": "#00ff40",
			"notes": [
				{
					"id": "note_198963",
					"name": "Track In - Track Initial Validation Customization",
					"value": "<p><strong>What it does:</strong></p><p>Default Behavior:</p><ul><li>Validates Slot Map&nbsp;<ul><li>Verify Slot Map existence;</li><li>Verify Slot Map content;</li></ul></li><li>Validates Gem Control State<ul><li>Expects Control State to be 5 (Online Remote);</li></ul></li><li>Validates Cassette Present<ul><li>Expects Cassette&nbsp;Present to be 1.</li></ul></li></ul><p>Allow for disconnecting any verification by setting to true the corresponding flags:</p><ul><li>Slot Map:&nbsp;DoNotValidateSlotMap;</li><li>Gem Control State:&nbsp;DoNotValidateGemControlState;</li><li>Cassette Present:&nbsp;DoNotValidateCassettePresent.</li></ul><p><strong>How to use it:</strong></p><ol><li>Request Variables corresponding to Gem Control State and Cassette&nbsp;Present;</li><li>Send MaterialData to the workflow Input Material Data;</li><li>Send Gem Control State to the&nbsp;GemControlState workflow input;</li><li>Send Cassette Present to the&nbsp;CassettePresent workflow input;</li><li>To disconnect any validation:&nbsp;<ol><li>Drag any output of the event to the corresponding validation skipper workflow Input;</li><li>Set a Converter of Any to Constant with Type Boolean and Value True.</li></ol></li></ol>",
					"color": "#ffffa5"
				},
				{
					"id": "note_200147",
					"name": "Track In - Recipe Validation Customization",
					"value": "<p><strong>What it does:</strong></p><p>Runs through the RecipeData structure of the Material Data structure from the lowest level to the highest one (Child Recipes to Parent Recipe), doing:</p><ul><li>Verify Recipe exists on equipment by comparing PPID with field NameOnEquipment of RecipeData structure;<ul><li>Executes S7F19</li></ul></li><li>Verify Recipe checksum on MES matches checksum of the Recipe existing on the Equipment;<ul><li>Executes S7F5</li></ul></li><li>If any verification fails and MES Resource has the attribute AllowDownloadRecipeAtTrackIn set to true, download Recipe to tool;<ul><li>&nbsp;Executes S7F1 and S7F3</li></ul></li><li>Else fail Track In;</li></ul><p><strong>Note:</strong></p><p>By default the Workflow task is pointing to&nbsp;RecipeValidation_01_UnformattedRecipeMainFlow which implements Unformatted Recipe logic, to set to Formatted recipes logic change the workflow to&nbsp;RecipeValidation_01_FormattedRecipeMainFlow which implements the behavior and Stream and Functions corresponding to that.</p><ul></ul><p><strong>How to use it:</strong></p><ol><li>Pass Material Data to the MaterialData input of the of workflow;</li><li>Activate after executing the initial validation;</li></ol>",
					"color": "#ffffa5"
				},
				{
					"id": "note_36668",
					"name": "Track In - Create Process Job",
					"value": "<p><strong>What it does:</strong></p><p>Creates Process Job</p><ul></ul><p><strong>Note:</strong></p><p>Workflow executed on this task might have to be customized;</p><ul>&nbsp;</ul><p><strong>How to use it:</strong></p><ol><li>Pass Material Data to the MaterialData input of the of workflow;</li><li>Activate after executing the recipe validation;</li></ol>",
					"color": "#ffffa5"
				},
				{
					"id": "note_16446",
					"name": "Track In - Create Control Job",
					"value": "<p><strong>What it does:</strong></p><p>Creates Control Job</p><ul></ul><p><strong>Note:</strong></p><p>Workflow executed on this task might have to be customized;</p><ul>&nbsp;</ul><p><strong>How to use it:</strong></p><ol><li>Pass Material Data to the MaterialData input of the of workflow;</li><li>Activate after creating Process Job;</li></ol>",
					"color": "#ffffa5"
				}
			]
		},
		"drawers": {
			"DIAGRAM": {
				"tasks": {
					"task_1796": {
						"collapsed": false,
						"position": {
							"x": 809,
							"y": 274
						},
						"outdated": false
					},
					"task_1677": {
						"collapsed": false,
						"position": {
							"x": 4989,
							"y": 406
						},
						"outdated": false
					},
					"task_70871": {
						"collapsed": false,
						"position": {
							"x": 1611,
							"y": 492
						},
						"outdated": false
					},
					"task_73090": {
						"collapsed": false,
						"position": {
							"x": 2281,
							"y": 297
						},
						"outdated": false
					},
					"task_83813": {
						"collapsed": false,
						"position": {
							"x": 3082,
							"y": 413
						},
						"outdated": false
					},
					"task_34616": {
						"collapsed": false,
						"position": {
							"x": 3885,
							"y": 451
						},
						"outdated": false
					},
					"task_14256": {
						"collapsed": false,
						"position": {
							"x": 4434,
							"y": 447
						},
						"outdated": false
					}
				},
				"links": {
					"251493f1-4d91-4125-a606-d40d8e6ac3eb": {
						"vertices": []
					},
					"1a002a2c-a298-45aa-8663-f88bbfe8cbea": {
						"vertices": []
					},
					"19cb355b-8e2a-4b26-8d6b-00849bbd8517": {
						"vertices": [
							{
								"x": 2591,
								"y": 971
							},
							{
								"x": 1077,
								"y": 881
							}
						]
					},
					"03818fd8-aca1-4d0a-8f68-f241c5160ca1": {
						"vertices": []
					},
					"85e19b85-fbe6-481e-be0e-aa151ae6b852": {
						"vertices": [
							{
								"x": 3520,
								"y": 974
							},
							{
								"x": 1100,
								"y": 935
							}
						]
					},
					"66f9b9ef-32eb-4d03-959f-7582351d1b53": {
						"vertices": []
					},
					"5d35aa28-ad8d-41ea-a554-28a9cf33aff1": {
						"vertices": []
					},
					"988fa7e7-cd09-4307-81d7-14809c907b57": {
						"vertices": []
					},
					"f5e66a95-b9f5-444a-8441-26737bb53dca": {
						"vertices": [
							{
								"x": 3722,
								"y": 1066
							},
							{
								"x": 894,
								"y": 1063
							}
						]
					},
					"c5cf3d3d-2dbd-4f42-bcac-be1eaaabee07": {
						"vertices": []
					},
					"2d8c8675-e9f7-4c24-ad7e-9b7205721ec9": {
						"vertices": []
					},
					"bc149e91-e19b-4b9e-a548-5d6e1bbb0a20": {
						"vertices": []
					},
					"64ff0088-8835-4f08-8f7f-8122cd295e03": {
						"vertices": []
					},
					"8cf5dc88-a3e7-436d-a1cc-8336539eb451": {
						"vertices": []
					},
					"ac554eb7-9539-4398-af90-c9370580b4db": {
						"vertices": [
							{
								"x": 4704,
								"y": 1298
							},
							{
								"x": 652,
								"y": 1290
							}
						]
					},
					"cc8ce25c-4960-4556-84a0-86daf88a8e99": {
						"vertices": [
							{
								"x": 5592,
								"y": 339
							},
							{
								"x": 4784,
								"y": 254
							},
							{
								"x": 3202,
								"y": 188
							},
							{
								"x": 1035,
								"y": 165
							}
						]
					}
				},
				"notes": {
					"note_198963": {
						"collapsed": false,
						"position": {
							"x": 1957,
							"y": 752
						}
					},
					"note_200147": {
						"collapsed": false,
						"position": {
							"x": 3088,
							"y": 735
						}
					},
					"note_36668": {
						"collapsed": false,
						"position": {
							"x": 3872,
							"y": 688
						}
					},
					"note_16446": {
						"collapsed": false,
						"position": {
							"x": 4442,
							"y": 675
						}
					}
				},
				"zoom": 0.5300000000000002,
				"pan": {
					"x": 1305,
					"y": 163
				}
			}
		}
	}
}