{
	"tasks": [
		{
			"id": "task_113699",
			"reference": {
				"name": "subWorkflowStart",
				"package": {
					"name": "@criticalmanufacturing/connect-iot-controller-engine-core-tasks",
					"version": "8.3.3-202201212"
				}
			},
			"settings": {
				"outputs": [
					{
						"name": "MaterialName",
						"valueType": {
							"type": 4,
							"collectionType": 0,
							"referenceType": null,
							"referenceTypeName": null,
							"referenceTypeId": null,
							"friendlyName": "MaterialName"
						}
					},
					{
						"name": "ContainerName",
						"valueType": {
							"type": 4,
							"collectionType": 0,
							"referenceType": null,
							"referenceTypeName": null,
							"referenceTypeId": null,
							"friendlyName": "ContainerName"
						}
					},
					{
						"name": "LoadPortId",
						"valueType": {
							"type": 5,
							"collectionType": 0,
							"referenceType": null,
							"referenceTypeName": null,
							"referenceTypeId": null,
							"friendlyName": "LoadPortId"
						}
					},
					{
						"name": "ControlJobId",
						"valueType": {
							"type": 4,
							"collectionType": 0,
							"referenceType": null,
							"referenceTypeName": null,
							"referenceTypeId": null,
							"friendlyName": "ControlJobId"
						},
						"defaultValue": null
					},
					{
						"name": "ProcessJobId",
						"valueType": {
							"type": 4,
							"collectionType": 0,
							"referenceType": null,
							"referenceTypeName": null,
							"referenceTypeId": null,
							"friendlyName": "ProcessJobId"
						},
						"defaultValue": null
					},
					{
						"name": "SubMaterialName",
						"valueType": {
							"type": 4,
							"collectionType": 0,
							"referenceType": null,
							"referenceTypeName": null,
							"referenceTypeId": null,
							"friendlyName": "SubMaterialName"
						}
					},
					{
						"name": "SubMaterialSlot",
						"valueType": {
							"type": 5,
							"collectionType": 0,
							"referenceType": null,
							"referenceTypeName": null,
							"referenceTypeId": null,
							"friendlyName": "SubMaterialSlot"
						}
					},
					{
						"name": "SubResourceOrder",
						"valueType": {
							"friendlyName": "SubResourceOrder",
							"type": 5,
							"collectionType": 0,
							"referenceType": null,
							"referenceTypeName": null,
							"referenceTypeId": null
						}
					}
				],
				"___cmf___name": "Start"
			}
		},
		{
			"id": "task_113701",
			"reference": {
				"name": "subWorkflowEnd",
				"package": {
					"name": "@criticalmanufacturing/connect-iot-controller-engine-core-tasks",
					"version": "8.3.3-202201212"
				}
			},
			"settings": {
				"inputs": [
					{
						"name": "Material",
						"valueType": {
							"type": 10,
							"collectionType": 0,
							"referenceType": null,
							"referenceTypeName": null,
							"referenceTypeId": null,
							"friendlyName": "Material"
						}
					},
					{
						"name": "SubMaterial",
						"valueType": {
							"type": 10,
							"collectionType": 0,
							"referenceType": null,
							"referenceTypeName": null,
							"referenceTypeId": null,
							"friendlyName": "SubMaterial"
						}
					},
					{
						"name": "Container",
						"valueType": {
							"type": 10,
							"collectionType": 0,
							"referenceType": null,
							"referenceTypeName": null,
							"referenceTypeId": null,
							"friendlyName": "Container"
						}
					},
					{
						"name": "Wafer",
						"valueType": {
							"type": 10,
							"collectionType": 0,
							"referenceType": null,
							"referenceTypeName": null,
							"referenceTypeId": null,
							"friendlyName": "Wafer"
						}
					}
				],
				"___cmf___name": "End"
			}
		},
		{
			"id": "task_113957",
			"reference": {
				"name": "customLBO",
				"package": {
					"name": "@criticalmanufacturing/connect-iot-controller-engine-core-tasks",
					"version": "8.3.3-202201212"
				}
			},
			"settings": {
				"type": "Cmf.Custom.Cree.Orchestration.InputObjects.MaterialInInput, Cmf.Custom.Cree.Orchestration",
				"method": "POST",
				"urlSuffix": "api/Cree/MaterialIn",
				"ignoreLastServiceId": false,
				"numberOfRetries": 30,
				"sleepBetweenRetries": 1000,
				"serviceComments": "",
				"clearInputs": true,
				"inputs": [
					{
						"name": "MaterialName",
						"valueType": {
							"type": 4,
							"collectionType": 0,
							"referenceType": null,
							"referenceTypeName": null,
							"referenceTypeId": null,
							"friendlyName": "MaterialName"
						},
						"propertyName": "MaterialName",
						"defaultValue": "\"\""
					},
					{
						"name": "ResourceName",
						"valueType": {
							"type": 4,
							"collectionType": 0,
							"referenceType": null,
							"referenceTypeName": null,
							"referenceTypeId": null,
							"friendlyName": "ResourceName"
						},
						"propertyName": "ResourceName",
						"defaultValue": "\"\""
					},
					{
						"name": "SubResourceOrder",
						"valueType": {
							"type": 5,
							"collectionType": 0,
							"referenceType": null,
							"referenceTypeName": null,
							"referenceTypeId": null,
							"friendlyName": "SubResourceOrder"
						},
						"propertyName": "SubResourceOrder",
						"defaultValue": null
					}
				],
				"outputs": [],
				"___cmf___name": "MaterialIn",
				"___cmf___color": "#0080ff"
			}
		},
		{
			"id": "task_113959",
			"reference": {
				"name": "updateSubMaterialState",
				"package": {
					"name": "@criticalmanufacturing/connect-iot-custom-utilities-amsosram-tasks",
					"version": "1.0.0"
				}
			},
			"settings": {
				"___cmf___name": "Update Sub Material Property",
				"subMaterialState": "Queued",
				"slotOrderPickingDirection": 0,
				"subMaterialStateToSet": "InProcess",
				"materialState": "InProcess",
				"___cmf___color": "#808080"
			}
		},
		{
			"id": "task_113961",
			"reference": {
				"name": "retrieve",
				"package": {
					"name": "@criticalmanufacturing/connect-iot-controller-engine-core-tasks",
					"version": "8.3.3-202201212"
				}
			},
			"settings": {
				"_retrieveOnValueChange": true,
				"_emitInNewContext": false,
				"_outputs": [
					{
						"name": "ResourceName",
						"identifier": "Generic_ResourceName",
						"defaultValue": "\"\"",
						"valueType": {
							"name": "",
							"friendlyName": "",
							"type": 4,
							"collectionType": 0,
							"referenceType": null,
							"referenceTypeName": null
						}
					}
				],
				"___cmf___name": "Retrieve Data",
				"___cmf___color": "#808080"
			}
		},
		{
			"id": "task_115330",
			"reference": {
				"name": "workflow",
				"package": {
					"name": "@criticalmanufacturing/connect-iot-controller-engine-core-tasks",
					"version": "8.3.3-202201212"
				}
			},
			"settings": {
				"automationWorkflow": {
					"DisplayName": "ErrorHandling",
					"IsShared": true,
					"Name": "ErrorHandling"
				},
				"executeWhenAllInputsDefined": false,
				"contextsExpirationInMilliseconds": 60000,
				"executionExpirationInMilliseconds": 1200000,
				"inputs": [
					{
						"name": "Error",
						"valueType": {
							"type": 10,
							"collectionType": 0,
							"referenceType": null,
							"referenceTypeName": null,
							"referenceTypeId": null,
							"friendlyName": ""
						}
					}
				],
				"outputs": [
					{
						"name": "Error",
						"valueType": {
							"friendlyName": "Error",
							"type": 10,
							"collectionType": 0,
							"referenceType": null,
							"referenceTypeName": null,
							"referenceTypeId": null
						}
					}
				],
				"___cmf___name": "Workflow",
				"___cmf___color": "#ff0000"
			}
		},
		{
			"id": "task_118357",
			"reference": {
				"name": "setWaferToContainer",
				"package": {
					"name": "@criticalmanufacturing/connect-iot-custom-utilities-amsosram-tasks",
					"version": "1.0.0"
				}
			},
			"settings": {
				"inputs": [],
				"outputs": [],
				"message": "",
				"___cmf___name": "Set Wafer To Container",
				"___cmf___color": "#808078"
			}
		},
		{
			"id": "task_83347",
			"reference": {
				"name": "logMessage",
				"package": {
					"name": "@criticalmanufacturing/connect-iot-controller-engine-core-tasks",
					"version": "8.3.3-202201212"
				}
			},
			"settings": {
				"message": "",
				"verbosity": "Information",
				"clearInputs": true,
				"mode": "MultipleInputs",
				"isCustomFormat": true,
				"messageFormat": "[EI] Wafer Started Workflow with Inputs: Material: \"${MaterialName}\"; Container: \"${ContainerName}\"; Load Port: \"${LoadPortId}\"; Control Job Id: \"${ControlJobId}\"; Process Job Id: \"${ProcessJobId}\"; Sub-Material: \"${SubMaterialName}\"; Sub-Material Slot: \"${SubMaterialSlot}\"; SubResourceOrder: \"${SubResourceOrder}\"",
				"inputs": [
					{
						"name": "MaterialName",
						"valueType": {
							"friendlyName": "MaterialName",
							"type": 4,
							"collectionType": 0,
							"referenceType": null,
							"referenceTypeName": null,
							"referenceTypeId": null
						}
					},
					{
						"name": "ContainerName",
						"valueType": {
							"friendlyName": "ContainerName",
							"type": 4,
							"collectionType": 0,
							"referenceType": null,
							"referenceTypeName": null,
							"referenceTypeId": null
						}
					},
					{
						"name": "LoadPortId",
						"valueType": {
							"friendlyName": "LoadPortId",
							"type": 5,
							"collectionType": 0,
							"referenceType": null,
							"referenceTypeName": null,
							"referenceTypeId": null
						}
					},
					{
						"name": "ControlJobId",
						"valueType": {
							"friendlyName": "ControlJobId",
							"type": 4,
							"collectionType": 0,
							"referenceType": null,
							"referenceTypeName": null,
							"referenceTypeId": null
						}
					},
					{
						"name": "ProcessJobId",
						"valueType": {
							"friendlyName": "ProcessJobId",
							"type": 4,
							"collectionType": 0,
							"referenceType": null,
							"referenceTypeName": null,
							"referenceTypeId": null
						}
					},
					{
						"name": "SubMaterialName",
						"valueType": {
							"friendlyName": "SubMaterialName",
							"type": 4,
							"collectionType": 0,
							"referenceType": null,
							"referenceTypeName": null,
							"referenceTypeId": null
						}
					},
					{
						"name": "SubMaterialSlot",
						"valueType": {
							"friendlyName": "SubMaterialSlot",
							"type": 5,
							"collectionType": 0,
							"referenceType": null,
							"referenceTypeName": null,
							"referenceTypeId": null
						}
					},
					{
						"name": "SubResourceOrder",
						"valueType": {
							"friendlyName": "SubResourceOrder",
							"type": 5,
							"collectionType": 0,
							"referenceType": null,
							"referenceTypeName": null,
							"referenceTypeId": null
						}
					}
				],
				"___cmf___name": "Log Inputs",
				"___cmf___color": "#ffff78"
			}
		}
	],
	"converters": [
		{
			"id": "@criticalmanufacturing/connect-iot-controller-engine-core-tasks#objectProperty",
			"reference": {
				"name": "objectProperty",
				"package": {
					"name": "@criticalmanufacturing/connect-iot-controller-engine-core-tasks",
					"version": "8.3.3-202201212"
				}
			}
		}
	],
	"links": [
		{
			"id": "task_113961_ResourceName-task_113957_ResourceName",
			"sourceId": "task_113961",
			"targetId": "task_113957",
			"inputName": "ResourceName",
			"outputName": "ResourceName",
			"converters": []
		},
		{
			"id": "task_113959_subMaterial-task_113957_MaterialName",
			"sourceId": "task_113959",
			"targetId": "task_113957",
			"inputName": "MaterialName",
			"outputName": "subMaterial",
			"converters": [
				{
					"id": "@criticalmanufacturing/connect-iot-controller-engine-core-tasks#objectProperty",
					"params": {
						"path": "MaterialName",
						"type": 4
					}
				}
			]
		},
		{
			"id": "task_113961_success-task_113957_activate",
			"sourceId": "task_113961",
			"targetId": "task_113957",
			"inputName": "activate",
			"outputName": "success",
			"converters": []
		},
		{
			"id": "0bede349-2d8b-4d39-9105-e694fc43c055",
			"sourceId": "task_113957",
			"targetId": "task_113701",
			"inputName": "success",
			"outputName": "success"
		},
		{
			"id": "988ca220-71a5-4424-81c7-6917fd203abe",
			"sourceId": "task_113957",
			"targetId": "task_115330",
			"inputName": "ErrorIn",
			"outputName": "error"
		},
		{
			"id": "d5ae8df6-00c2-4a65-a5b9-6ea75590a603",
			"sourceId": "task_113957",
			"targetId": "task_115330",
			"inputName": "activate",
			"outputName": "error"
		},
		{
			"id": "e7737be9-c867-4eb7-840c-6316ca2b859d",
			"sourceId": "task_113959",
			"targetId": "task_115330",
			"inputName": "ErrorIn",
			"outputName": "error"
		},
		{
			"id": "ed7ea1b7-1f85-4182-a7e0-baaa20419f4e",
			"sourceId": "task_113959",
			"targetId": "task_115330",
			"inputName": "activate",
			"outputName": "error"
		},
		{
			"id": "dfdaf16f-1237-47a0-a57e-c846a52f8e39",
			"sourceId": "task_115330",
			"targetId": "task_113701",
			"inputName": "error",
			"outputName": "ErrorOut"
		},
		{
			"id": "c1cdce41-2313-4c1d-a8c7-440ded8b333e",
			"sourceId": "task_113699",
			"targetId": "task_113959",
			"inputName": "activate",
			"outputName": "activateOut"
		},
		{
			"id": "07508900-a807-4268-b4ac-deafd2160f51",
			"sourceId": "task_113959",
			"targetId": "task_118357",
			"inputName": "activate",
			"outputName": "success"
		},
		{
			"id": "2055e2e0-9371-40eb-afc1-a6fa36328832",
			"sourceId": "task_118357",
			"targetId": "task_113961",
			"inputName": "activate",
			"outputName": "success"
		},
		{
			"id": "879ef563-3b59-4704-a886-f7830265c20f",
			"sourceId": "task_113959",
			"targetId": "task_118357",
			"inputName": "material",
			"outputName": "material"
		},
		{
			"id": "197b8a27-8a33-4980-a712-2087090aec75",
			"sourceId": "task_113959",
			"targetId": "task_118357",
			"inputName": "containerId",
			"outputName": "material",
			"converters": [
				{
					"id": "@criticalmanufacturing/connect-iot-controller-engine-core-tasks#objectProperty",
					"params": {
						"path": "ContainerName",
						"type": 4
					}
				}
			]
		},
		{
			"id": "d10f9862-a555-4353-a457-474a1bfe5b47",
			"sourceId": "task_113959",
			"targetId": "task_118357",
			"inputName": "slotNumber",
			"outputName": "subMaterial",
			"converters": [
				{
					"id": "@criticalmanufacturing/connect-iot-controller-engine-core-tasks#objectProperty",
					"params": {
						"path": "Slot",
						"type": 5
					}
				}
			]
		},
		{
			"id": "013ef8a6-4623-48cd-aedb-e37be23df317",
			"sourceId": "task_113699",
			"targetId": "task_113959",
			"inputName": "materialName",
			"outputName": "MaterialNameOut"
		},
		{
			"id": "0c332cef-5050-4f9f-8c9b-2d6340a83e02",
			"sourceId": "task_113699",
			"targetId": "task_113959",
			"inputName": "containerName",
			"outputName": "ContainerNameOut"
		},
		{
			"id": "07fa5785-ea32-4cfa-8b64-7e8d740014d7",
			"sourceId": "task_113699",
			"targetId": "task_113959",
			"inputName": "loadPortId",
			"outputName": "LoadPortIdOut"
		},
		{
			"id": "81a2ad98-08b7-47a6-9fc1-2c496dccdb53",
			"sourceId": "task_113699",
			"targetId": "task_113959",
			"inputName": "subMaterialName",
			"outputName": "SubMaterialNameOut"
		},
		{
			"id": "ec26b73b-0221-4b35-82dc-8335582fb318",
			"sourceId": "task_113699",
			"targetId": "task_113959",
			"inputName": "subMaterialSlot",
			"outputName": "SubMaterialSlotOut"
		},
		{
			"id": "c88282a9-3395-402b-aa94-1e3645655a7b",
			"sourceId": "task_113959",
			"targetId": "task_118357",
			"inputName": "materialWaferId",
			"outputName": "subMaterial",
			"converters": [
				{
					"id": "@criticalmanufacturing/connect-iot-controller-engine-core-tasks#objectProperty",
					"params": {
						"path": "MaterialName",
						"type": 4
					}
				}
			]
		},
		{
			"id": "24e218e7-853f-4f48-be35-f90702e1ea42",
			"sourceId": "task_113699",
			"targetId": "task_118357",
			"inputName": "equipmentWaferId",
			"outputName": "SubMaterialNameOut"
		},
		{
			"id": "35348bbd-0cec-40f3-a622-2de21a06367a",
			"sourceId": "task_118357",
			"targetId": "task_113701",
			"inputName": "Wafer",
			"outputName": "wafer"
		},
		{
			"id": "249c83a6-8482-4e34-aaab-5c09b797a44d",
			"sourceId": "task_118357",
			"targetId": "task_113701",
			"inputName": "Container",
			"outputName": "container"
		},
		{
			"id": "f53d9e97-583c-47c5-a28a-fbdba5457764",
			"sourceId": "task_113959",
			"targetId": "task_113701",
			"inputName": "Material",
			"outputName": "material"
		},
		{
			"id": "5d75fcf9-b691-49c3-8179-eb0901aa77b2",
			"sourceId": "task_113959",
			"targetId": "task_113701",
			"inputName": "SubMaterial",
			"outputName": "subMaterial"
		},
		{
			"id": "54fa3157-cea7-442a-8a49-a695bebfac04",
			"sourceId": "task_113699",
			"targetId": "task_113959",
			"inputName": "controlJobId",
			"outputName": "ControlJobIdOut"
		},
		{
			"id": "ad87ce53-85bf-49f0-b4dc-469df30111e2",
			"sourceId": "task_113699",
			"targetId": "task_113959",
			"inputName": "processJobId",
			"outputName": "ProcessJobIdOut"
		},
		{
			"id": "f2282624-c74c-40c9-bc05-3ba2a66a2c00",
			"sourceId": "task_113699",
			"targetId": "task_83347",
			"inputName": "MaterialNameIn",
			"outputName": "MaterialNameOut"
		},
		{
			"id": "410cb199-01ad-4a50-8383-3f8d5fe9a1e9",
			"sourceId": "task_113699",
			"targetId": "task_83347",
			"inputName": "ContainerNameIn",
			"outputName": "ContainerNameOut"
		},
		{
			"id": "efd3da30-ca07-47d7-8443-558f1a99a490",
			"sourceId": "task_113699",
			"targetId": "task_83347",
			"inputName": "LoadPortIdIn",
			"outputName": "LoadPortIdOut"
		},
		{
			"id": "53d28d4f-072c-4768-abea-0bb33305b9b2",
			"sourceId": "task_113699",
			"targetId": "task_83347",
			"inputName": "ControlJobIdIn",
			"outputName": "ControlJobIdOut"
		},
		{
			"id": "da033788-5739-4279-8464-e8f69a9ac846",
			"sourceId": "task_113699",
			"targetId": "task_83347",
			"inputName": "ProcessJobIdIn",
			"outputName": "ProcessJobIdOut"
		},
		{
			"id": "acb80022-1d2e-408e-bb28-619f0519d873",
			"sourceId": "task_113699",
			"targetId": "task_83347",
			"inputName": "SubMaterialNameIn",
			"outputName": "SubMaterialNameOut"
		},
		{
			"id": "5f7f48a5-9bea-403f-a7df-97e144199823",
			"sourceId": "task_113699",
			"targetId": "task_83347",
			"inputName": "SubMaterialSlotIn",
			"outputName": "SubMaterialSlotOut"
		},
		{
			"id": "1dea5df4-5145-4d94-9cc6-f06d74990bb4",
			"sourceId": "task_113699",
			"targetId": "task_83347",
			"inputName": "activate",
			"outputName": "activateOut"
		},
		{
			"id": "7263dfb2-f175-4eb5-b868-d2614e1fd035",
			"sourceId": "task_113699",
			"targetId": "task_113957",
			"inputName": "SubResourceOrder",
			"outputName": "SubResourceOrderOut"
		},
		{
			"id": "ee00d198-19ec-4bfc-b7a8-c1bf9946f203",
			"sourceId": "task_113699",
			"targetId": "task_83347",
			"inputName": "SubResourceOrderIn",
			"outputName": "SubResourceOrderOut"
		}
	],
	"layout": {
		"general": {
			"color": null,
			"notes": []
		},
		"drawers": {
			"DIAGRAM": {
				"tasks": {
					"task_113701": {
						"collapsed": false,
						"position": {
							"x": 3401,
							"y": 87
						},
						"outdated": false
					},
					"task_83347": {
						"collapsed": false,
						"position": {
							"x": 762,
							"y": 790
						},
						"outdated": false
					},
					"task_113699": {
						"collapsed": false,
						"position": {
							"x": 68,
							"y": 222
						},
						"outdated": false
					},
					"task_113957": {
						"collapsed": false,
						"position": {
							"x": 2546,
							"y": 446
						},
						"outdated": false
					},
					"task_113959": {
						"collapsed": false,
						"position": {
							"x": 674,
							"y": 22
						},
						"outdated": false
					},
					"task_113961": {
						"collapsed": false,
						"position": {
							"x": 1745,
							"y": 614
						},
						"outdated": false
					},
					"task_115330": {
						"collapsed": false,
						"position": {
							"x": 2969,
							"y": 991
						},
						"outdated": false
					},
					"task_118357": {
						"collapsed": false,
						"position": {
							"x": 1225,
							"y": 254
						},
						"outdated": false
					}
				},
				"links": {
					"task_113961_ResourceName-task_113957_ResourceName": {
						"vertices": []
					},
					"task_113961_success-task_113957_activate": {
						"vertices": []
					},
					"0bede349-2d8b-4d39-9105-e694fc43c055": {
						"vertices": []
					},
					"988ca220-71a5-4424-81c7-6917fd203abe": {
						"vertices": []
					},
					"d5ae8df6-00c2-4a65-a5b9-6ea75590a603": {
						"vertices": []
					},
					"e7737be9-c867-4eb7-840c-6316ca2b859d": {
						"vertices": [
							{
								"x": 1400,
								"y": 874
							}
						]
					},
					"ed7ea1b7-1f85-4182-a7e0-baaa20419f4e": {
						"vertices": [
							{
								"x": 1379,
								"y": 908
							}
						]
					},
					"dfdaf16f-1237-47a0-a57e-c846a52f8e39": {
						"vertices": []
					},
					"c1cdce41-2313-4c1d-a8c7-440ded8b333e": {
						"vertices": []
					},
					"07508900-a807-4268-b4ac-deafd2160f51": {
						"vertices": []
					},
					"2055e2e0-9371-40eb-afc1-a6fa36328832": {
						"vertices": []
					},
					"879ef563-3b59-4704-a886-f7830265c20f": {
						"vertices": []
					},
					"013ef8a6-4623-48cd-aedb-e37be23df317": {
						"vertices": []
					},
					"0c332cef-5050-4f9f-8c9b-2d6340a83e02": {
						"vertices": []
					},
					"07fa5785-ea32-4cfa-8b64-7e8d740014d7": {
						"vertices": []
					},
					"81a2ad98-08b7-47a6-9fc1-2c496dccdb53": {
						"vertices": []
					},
					"ec26b73b-0221-4b35-82dc-8335582fb318": {
						"vertices": []
					},
					"24e218e7-853f-4f48-be35-f90702e1ea42": {
						"vertices": []
					},
					"35348bbd-0cec-40f3-a622-2de21a06367a": {
						"vertices": []
					},
					"249c83a6-8482-4e34-aaab-5c09b797a44d": {
						"vertices": []
					},
					"f53d9e97-583c-47c5-a28a-fbdba5457764": {
						"vertices": []
					},
					"5d75fcf9-b691-49c3-8179-eb0901aa77b2": {
						"vertices": []
					},
					"54fa3157-cea7-442a-8a49-a695bebfac04": {
						"vertices": []
					},
					"ad87ce53-85bf-49f0-b4dc-469df30111e2": {
						"vertices": []
					},
					"f2282624-c74c-40c9-bc05-3ba2a66a2c00": {
						"vertices": []
					},
					"410cb199-01ad-4a50-8383-3f8d5fe9a1e9": {
						"vertices": []
					},
					"efd3da30-ca07-47d7-8443-558f1a99a490": {
						"vertices": []
					},
					"53d28d4f-072c-4768-abea-0bb33305b9b2": {
						"vertices": []
					},
					"da033788-5739-4279-8464-e8f69a9ac846": {
						"vertices": []
					},
					"acb80022-1d2e-408e-bb28-619f0519d873": {
						"vertices": []
					},
					"5f7f48a5-9bea-403f-a7df-97e144199823": {
						"vertices": []
					},
					"1dea5df4-5145-4d94-9cc6-f06d74990bb4": {
						"vertices": []
					},
					"7263dfb2-f175-4eb5-b868-d2614e1fd035": {
						"vertices": []
					},
					"task_113959_subMaterial-task_113957_MaterialName": {
						"vertices": []
					},
					"197b8a27-8a33-4980-a712-2087090aec75": {
						"vertices": []
					},
					"d10f9862-a555-4353-a457-474a1bfe5b47": {
						"vertices": []
					},
					"c88282a9-3395-402b-aa94-1e3645655a7b": {
						"vertices": []
					},
					"ee00d198-19ec-4bfc-b7a8-c1bf9946f203": {
						"vertices": []
					}
				},
				"notes": {},
				"pan": {
					"x": 0,
					"y": 42
				},
				"zoom": 0.46999999999999953
			}
		}
	}
}